mean_x,std_x,mean_y,std_y,mean_z,std_z,Activity
3.1082356357054266,3.7050206236921546,-3.5494450351317828,3.813806558164211,3.3281602642844943,3.967716105056977,hand_wash
4.347855094060811,2.95577275916537,-4.793367450114863,3.8235714587164265,1.3682724803716217,1.7885037886528186,hand_wash
3.8218361263157883,3.6291101108177997,-4.520678137822371,3.420139567985451,0.5134882886217108,2.9969642082689023,hand_wash
3.8727201757241407,2.4361180124375985,-4.727598023255173,4.059144853430721,-1.5150535502551719,3.010470214852241,hand_wash
4.091144568815788,4.068071624366558,-3.6389657288046053,3.2211358643615995,1.6841213444374994,2.9871651762523403,hand_wash
3.6590349341496604,2.5219135474463408,-5.025742260108842,3.7651638923758175,-1.8319893217666667,2.1512677149123287,hand_wash
3.8787174061744967,2.5892412361685717,-5.004458895302013,4.125629286985743,-0.5195738669999996,2.712412679903884,hand_wash
3.3508328169594606,3.382982991024028,-4.158760556385136,3.0932405746621137,1.129991849716217,3.5988734103063207,hand_wash
3.6888293155890417,2.4772735191201143,-4.952830640650684,4.682153578581126,-2.4450928469109594,3.4617628651317056,hand_wash
3.6273681923557057,3.9268286485274824,-3.888202747510067,3.6965803253642235,0.15636773722818822,3.833868844907677,hand_wash
4.227696347750001,3.2526555603699445,-4.541868596885135,4.155788841641561,-1.6675387136000004,2.325196407284399,hand_wash
3.7827177782715236,3.818015434627465,-3.704910316139075,3.5016874391876005,0.7905825857019875,5.045957584360873,hand_wash
4.213014328758622,3.5320714753538844,-4.13898137328069,4.247230300351187,-2.2231898652137945,2.764363330542721,hand_wash
4.041207811610002,3.669573130119685,-4.342633668212668,4.45137235366132,1.2157043590999999,2.641610303341372,hand_wash
4.396201684358111,3.083601086135368,-4.346245955000003,3.696685154533428,-2.0878958264527014,2.61371346168657,hand_wash
3.860211407690789,3.6582435810867877,-4.445835817435527,3.805252994559438,-0.8083855975230264,3.217465892627061,hand_wash
4.2167447649727885,2.64715439000185,-3.7199697429523795,4.327609966433211,-0.6596183373632665,4.216422914750661,hand_wash
3.9371422721768714,3.8052669907615955,-4.382413478020405,3.6720652141824006,-2.015770829693877,3.035910483462577,hand_wash
4.15271277525658,3.195519396258354,-4.878578850559208,3.9402965903825082,-0.46568350470000025,1.9038592387694888,hand_wash
3.771700166499999,3.842509325677016,-3.964195153027777,3.412711493025572,-0.3293286467291663,3.45958882038647,hand_wash
4.188427812019868,2.785524969223408,-3.9894873123774848,3.201641228379471,-2.430388980123841,2.6597223284466063,hand_wash
3.9563395690202707,3.4742830569222214,-4.67035776266216,3.6003549848731913,-0.9508773143716222,1.8822092509892452,hand_wash
4.156047438006577,2.8722798226663424,-3.468623337603947,3.116928122296375,-3.5562189166052613,3.1926222533660966,hand_wash
4.111420697218544,2.7963115783064274,-4.758631587377484,4.008216146376356,-0.13160944279470146,3.0772704838150577,hand_wash
3.3989623756326512,3.513983598531555,-4.167063495510203,3.534788307545507,-1.027528319034013,3.9216277155652857,hand_wash
4.0018992098581085,2.7846541863192105,-4.678506642675676,3.704141353188166,-1.04596305468919,1.7650951448071948,hand_wash
2.11986392622053,2.1720818102541184,-2.5484845471854296,4.057822160483767,4.193328310178807,4.692566004105589,hand_wash
0.6731171610310813,4.736082941290233,-2.768726100425676,5.0027865422016475,4.402276306040539,5.906119255613834,hand_wash
2.7866610558165563,4.182383141416063,-2.5603431742450313,5.986775512655867,3.162170279476821,5.88522020956173,hand_wash
4.6152675672137375,4.383454932894089,-3.3529863960458024,2.991706096801868,1.3895294676526715,3.4220357287977143,hand_wash
5.471629971635136,4.322451180628501,-2.607156556655405,2.6095029234928315,1.5689074906641884,3.9107565008712775,hand_wash
5.335762374761903,4.159423866362441,-3.2598066336442173,3.3695666891437837,-0.32941806039183696,2.138463102873444,hand_wash
5.567433523622514,4.161508219369828,-2.7251283080198685,2.8174512122222417,1.7955841177284768,3.699641817204686,hand_wash
5.5859977143581085,4.496833146239568,-1.4859117894628375,1.7751942503213398,1.9965395492412163,3.143185072428301,hand_wash
5.543591012486483,4.428539720318645,-2.928718910787838,2.6788664487971467,-0.5082603614391894,1.6658909406727145,hand_wash
5.536872150723681,3.9904966611547117,-2.260377425157236,2.212481274926197,1.1231970577894739,3.5097360853752058,hand_wash
4.972312332040818,4.0733218506252555,-3.2369464596258495,3.3924401544091207,-1.5576370334945582,2.330293827641052,hand_wash
5.204119797203948,3.564775924875276,-3.638454320052628,3.17666400822757,-1.423222523986842,2.041186726746272,hand_wash
5.390919866666667,4.102204400000611,-3.3594577789499978,3.032675081563209,0.3463864580946667,1.626760694129071,hand_wash
5.703320726092716,4.181813843594344,-2.441654641728477,2.680269832940542,1.5657641064503314,3.110968266379075,hand_wash
5.279824040279719,4.386119034234861,-2.7777016434895114,2.6626294758703413,1.7585825532307688,2.234512892374932,hand_wash
5.293626949597314,3.782437303017496,-3.670938710820804,2.9795608580468627,-0.27749409768456373,2.1677298111149756,hand_wash
5.808250945033113,4.25962348195177,-2.592037702695365,2.851818410052707,0.6700072920596023,2.5664857375697063,hand_wash
5.559159401701984,3.8380139991940205,-1.9533479469867552,1.813316914108617,2.9076365713410612,3.4348002210010296,hand_wash
5.452738875888157,4.943687625256068,-2.2873056943749988,2.2085073759625486,2.198935368157895,2.4703192936300216,hand_wash
5.224516159146853,4.362247797983774,-3.3952793977062927,3.354907725993469,-0.7553431119930067,1.9062238305884844,hand_wash
5.585876830697367,3.8712961708396834,-2.799866630833554,2.585404217351045,1.576474899175,3.0271448468873827,hand_wash
5.5165260206556335,4.0148055957222955,-2.6316935073046355,2.384296220678586,1.2726331983264911,3.0805617267602163,hand_wash
5.460446491771521,3.943499034043704,-2.5577868155629147,1.8986554578089554,2.4464821020185448,3.5405642518734006,hand_wash
5.343850903723686,4.61685676770621,-2.782271889065791,2.797739965855565,0.5756147422105261,3.420309626183748,hand_wash
5.717939862586205,4.032838782391914,-2.9117914545310346,2.716630511043537,0.9245420026,1.8532188084436036,hand_wash
5.886455835572368,4.106132919734611,-2.4715848160848695,2.815774430460288,1.5268827825822369,1.7836281454476126,hand_wash
5.6189485665562895,4.153356311019866,-2.610703855642384,3.5203258300080655,1.9702335377125835,2.423004102108686,hand_wash
5.810783455092104,4.544529976383581,-2.0823494859177636,2.858609272164674,1.7990639991309205,2.24327089258439,hand_wash
5.509205082110347,4.32872394605593,-2.150477484041379,2.5286278561628097,1.604971743896552,2.636926867213706,hand_wash
5.451938127808217,3.9398730547381375,-3.4507082503904103,2.921574398177494,0.43659165291780866,2.743991594445926,hand_wash
5.422862612315893,4.405922564951561,-1.895069717433775,2.58431345461897,2.491130096315895,2.7285223506686687,hand_wash
5.568466964635134,4.031280174937286,-2.143017625736486,1.8642184880008077,2.386445116006756,2.332651881606305,hand_wash
5.6332902661796025,4.466198273062738,-2.59055586206579,2.2035564090078634,1.421761367859868,2.0251409064280383,hand_wash
5.854156279546667,3.4510530241786217,-2.5226290945199983,2.49654635941486,2.3134070268133327,2.665661537528127,hand_wash
4.722380249811023,3.8417864982431906,-4.373897917543306,3.6981107693889776,-0.6954456673937006,2.390279162751573,hand_wash
5.730815887675676,4.444189858372896,-2.203082610547297,2.6347071647001106,1.1621599373337836,3.015640946764771,hand_wash
5.353360378716215,4.539232474227092,-3.0087194611891896,3.512743629839584,0.22537711562162158,2.624226512537742,hand_wash
5.855040167756758,4.223644165489777,-3.0222189912364863,3.3264426611356064,0.23219422738040538,2.6509182700565064,hand_wash
5.316191495597314,4.211963443810396,-2.077497980677852,2.0819243263524294,2.620263764568458,3.693413944370888,hand_wash
5.645268580821192,4.28170305967872,-2.3790372371456954,2.239574554653114,1.949993624750331,2.888441183533079,hand_wash
5.416649394815789,4.231990279755336,-3.2625020303914467,3.500117788804365,-0.31040993602763145,2.6173642158725583,hand_wash
5.407762207947019,4.705275451631728,-2.8928118573112584,3.7103918552400357,1.5369748856245034,4.003683846473983,hand_wash
4.961884288478875,4.504944160769418,-3.4100205188450707,3.2466042762120977,-0.021556915711267485,2.1833215909880055,hand_wash
5.713179949144739,3.887720956857359,-3.2854411826111836,3.0631771997788366,-0.5459043542302634,2.1427259607125655,hand_wash
5.7850795720408135,4.5286437112940945,-2.851733567068027,2.912080977669527,0.5407733042380956,2.540704086080534,hand_wash
5.684739792796644,4.1217073884740785,-3.1710059413107374,3.2638363106371475,0.6688563697362412,1.7353434115842319,hand_wash
5.613750523959459,3.9425324179817958,-2.520937602932432,2.4503282421943866,2.120643331324324,2.651450144289037,hand_wash
5.335956784623289,4.502307763328345,-3.1967211602876704,3.144927181542087,-0.009887920091780756,2.2617686899516904,hand_wash
5.630648097871622,4.174895476354681,-3.069467697202703,3.0463109721358848,0.5063114383817567,2.2937605002471075,hand_wash
5.343732978026317,4.433943584965266,-2.710251345894737,2.1096954603767037,1.3285266989888163,2.6877986681842776,hand_wash
5.822881914626665,3.9814461587591357,-2.8433003927733322,3.2669474500006483,-0.08050001473333336,2.078661177536798,hand_wash
4.953238857451976,4.168173679318085,-2.166715703648025,2.6828419180082115,3.260745260210526,3.0923679780680895,hand_wash
5.211983891034483,4.076915220434908,-3.0759585846551727,2.68286016858398,1.6884940701124138,3.0789157521566897,hand_wash
5.144441667178806,4.019578466249366,-3.6111255398841067,2.899240470564809,0.29022283582119207,2.2384847854363046,hand_wash
5.562848047789471,3.502800482506347,-3.5822347795197382,3.097996483033027,0.5130067399934212,1.6000359735466214,hand_wash
5.1474398497351,4.0375468768595155,-3.435573719874171,2.879609992457087,1.9002928956688743,2.4189772921085773,hand_wash
5.295849270315788,3.66442041439036,-3.8304247111499996,3.479507721413414,-0.12754570679276309,2.3095658756647786,hand_wash
-0.6820900292553843,2.5296220613236344,-3.3529598408538446,3.911480678515703,3.3084435316384653,5.940538329120133,hand_wash
0.7157556497823135,2.80305020113984,-4.939935871632656,4.623415807141531,-2.5430842569115653,4.622637926550773,hand_wash
0.8362562010405408,3.1960482600471316,-5.960666096543919,5.49919936472374,-0.6759274416689192,3.3560012479281447,hand_wash
0.41247148364625863,2.8943272255353945,-5.276349056210882,4.4640294743298945,-1.3149476571258505,4.917071133079696,hand_wash
2.329782222910959,2.2456088018147575,-5.516661916635615,4.274919230359669,0.09257553302739721,3.8374948345298865,hand_wash
2.950027698243245,3.235019841011125,-5.840984247675676,5.362875140105388,-0.4420393263513513,3.027300108147347,hand_wash
2.252295138637584,2.7785971631481132,-5.335008495416108,4.463251395861272,-0.7462638945570471,3.639525218775607,hand_wash
2.1974851455171227,2.7638014163123885,-5.123324987547946,4.290123919450291,1.6816962884931514,2.6884617982631736,hand_wash
1.1748543183092102,2.1053991389155993,-5.756262548638155,4.101702282906497,-1.4486675877565787,3.1619947270097413,hand_wash
-1.8307602044206905,2.5575138835785602,-4.457790684731035,3.4435265677829414,-4.2002967484365525,3.7754255830152474,hand_wash
-1.2382953349866663,3.8089952605592288,-5.288414077770003,4.651476820366831,-1.6374230624533326,4.210266751156236,hand_wash
-2.1101029402027023,2.0665372427845563,-4.325564962398647,3.78443929800472,-3.0147503499054054,4.36292776323942,hand_wash
-1.6826652088513345,1.3874511633899929,-3.9821484699886667,3.590941067760088,-4.183968501943334,3.8001547579876247,hand_wash
-1.0442795046052635,2.3636768788976728,-3.1801612524138156,3.644691835254204,-4.772773190598686,4.198200289359811,hand_wash
-1.3336358201496592,2.3844521914988013,-4.724722361496598,4.212022414151952,-3.2043488592517013,4.240823899084058,hand_wash
-1.5670432789932882,2.975266317658568,-4.208250118241612,3.768703749662576,-1.2461071445704692,5.04836215316658,hand_wash
-1.5840357509864866,2.684673883261015,-5.230663518547297,3.833075790447114,-0.8604708190783783,4.284781369451706,hand_wash
-2.5160454205958906,3.4830433733647537,-3.0578697381095896,3.3355955936274566,3.6589550034315073,3.9756379141182063,hand_wash
-2.2945942938666666,2.553405626365768,-1.9130010800866664,2.4264919189372094,5.529239437813335,4.509657298094708,hand_wash
4.418695562424245,3.6869935360308457,-1.1660595075227267,2.1172420394972766,4.950037219621215,4.329886386596225,hand_wash
4.076983559864865,4.4431756508194695,-2.825594636831081,3.6715059256936833,2.166694120141892,4.4661606967957725,hand_wash
5.353939660486841,3.520449497074283,-2.6547286554934217,3.6376669963929755,2.4342395463947364,2.9385739748567494,hand_wash
4.168768676768212,3.749178058674808,1.0344096838827812,3.1146411840786206,4.358601285430463,4.464454989084592,hand_wash
4.487409253609269,4.028446008745969,-2.148150782754967,2.5595175683521743,3.5908479842516545,4.333676491376794,hand_wash
5.225424409795919,3.2022144313905327,-1.4526235860680274,3.293070537260407,3.045401993421768,2.812363439786655,hand_wash
4.088325889114867,4.703349222612824,-1.146371033141892,5.1536857512561935,2.675004993244596,3.482008421357644,hand_wash
5.0447283982384095,3.5438102332541344,-3.7711545847927135,3.525573180511856,1.8791352264456946,2.412579076652909,hand_wash
4.025508524328945,4.033977306155067,0.9091158521348689,3.6415727989753606,4.206215483447369,3.8612152602194416,hand_wash
4.670702576308218,3.4536836201794934,-2.5851040501164353,2.8111702780841714,3.0394859701232875,3.277396832317511,hand_wash
4.507040334353639,3.4430029620043565,-1.2183654872384104,1.3220407598492236,4.988947802368875,5.694221197461972,hand_wash
4.294629420039475,4.876020566070383,0.0562689366578946,2.6295484500254243,4.218351954503948,4.23479312614551,hand_wash
4.916197727414962,3.8866199561632766,-3.2632644121666643,3.529983952212626,2.308748008127211,2.652574555385387,hand_wash
5.079303186648026,3.6056568751693723,-1.9662041695394734,2.4411195178580276,3.444071772559211,4.039696177808463,hand_wash
4.827787100271524,3.527110924146313,-1.2037560427682121,1.4723584649393833,4.439270179537085,4.978071387075832,hand_wash
4.911874827122451,4.087884482171638,-3.164778903795918,3.223252646929217,1.7459065265442184,2.254128433552848,hand_wash
5.140121264635763,3.7921850588335206,-0.9338078675609265,2.7431160303413837,3.775525073476822,3.3364487241234912,hand_wash
4.726666568581081,4.204391981823797,-2.307856419314189,3.952763690032933,2.3357600532027023,3.3352854394111446,hand_wash
5.270641050443708,4.399787102569187,-2.7005869685788073,3.608691333391085,2.473282358185428,3.3034818813347258,hand_wash
4.944841497689191,4.03560961189945,-0.5184019336925678,2.5372136395878497,3.9459287354189176,4.500236278422959,hand_wash
4.942842787022517,3.7067318595598797,-0.8332792981648995,1.5185170288185192,3.8967037280715235,3.785501231508546,hand_wash
4.741336112910597,3.6073651216384466,-0.47548568111125855,1.8270991134947558,4.808182684660267,4.824045444525971,hand_wash
4.884403248157895,3.8883149318060206,-0.647168626194079,1.4313935238413855,3.824463722894735,4.845186541005372,hand_wash
5.285441226860928,3.643232457239245,-0.8160475931576161,2.977931768965885,3.9088751663377503,3.3977841442426286,hand_wash
4.520450825789473,3.5160516852513712,0.8116659721184208,2.315224473563836,4.592546210519737,3.708906776215255,hand_wash
3.8808228891059584,4.3231152666712624,0.6250818483642385,3.28586279558375,4.5468028374635745,3.88803617433163,hand_wash
5.0904800854326275,3.8253799485138256,-3.9352352829503565,4.133858854109033,0.9257815670567373,2.2032153297900527,hand_wash
4.834836525152318,3.859102398981603,-1.1280738343880794,3.3841188673619444,3.8823692086026473,3.5259788516900623,hand_wash
4.547328037006803,4.0497430518578765,-3.056070129278912,2.8866762933306735,1.5059984346292516,4.249243453784153,hand_wash
5.4678987146887446,3.7196308765733046,-2.806620292695364,3.407409243170851,2.402084044433774,3.0656519766103463,hand_wash
3.9480120751192067,3.6406826481790318,-1.9747845969072848,3.711860895817508,3.9260998300264927,3.291674482921096,hand_wash
3.720285785394735,3.141771199766749,-1.7235593691776316,3.8645001306677997,4.362191240703948,4.026199273623066,hand_wash
3.124624710151725,3.456607848028362,-3.642295735276553,3.933323521939589,0.05615679615172428,4.765636460352052,hand_wash
3.4405359433642353,2.2510551661704903,-2.143771517483443,3.9150557447206142,2.978897386398677,5.120648622457143,hand_wash
2.1822275363245036,2.0262032304409896,-1.1340682480715234,3.8993018042809897,5.898312646311259,4.5600810775832255,hand_wash
5.027043008363638,4.081007925441393,-2.9857990130075756,2.4760457089925834,2.4159333218636374,3.3151600403285997,hand_wash
5.283069197052633,4.603599481166768,-1.9963857009868415,1.8170018372548262,1.504749064763159,3.387093861966027,hand_wash
5.576701349668749,3.912159343465907,-3.6266603100694446,3.5595113561651988,0.062295193097222167,2.331381082358199,hand_wash
5.607089499371712,3.8457511528179316,-2.918895032782894,2.6216469396482514,1.1454883771072368,2.7891308473769434,hand_wash
5.363018522273335,4.04838979136549,-2.3536251422199994,2.192166893585343,2.667627676634666,3.6287113530375117,hand_wash
5.174976495270272,4.4645551140870685,-3.2613040978006764,3.170299150669623,-0.5850645118905402,2.1547202139190524,hand_wash
5.816281805649007,4.252975541500293,-2.836121180231788,2.685635189204493,0.9874795390814562,2.3932904769217602,hand_wash
5.703666289500001,3.8860830803023036,-2.1503185368223696,1.8940959550891183,2.4134098326842106,2.7821129884084312,hand_wash
5.232749907191781,4.656791306072194,-3.299301991753426,3.6481035390887167,0.43629264076027413,2.402200353039396,hand_wash
5.682680016533785,4.137189728674339,-2.9716499627256785,2.920224458457372,-0.03323490270675702,2.2352965656693975,hand_wash
5.189996222684561,4.106384966505051,-2.608578411691274,2.245119673098612,2.480922745966443,3.3758464027785244,hand_wash
5.486259760033113,4.302958967930072,-3.3470554728165554,3.2641118883435003,-0.6107907804701983,1.6893511878347374,hand_wash
5.835328705338157,4.0596018378176515,-2.3590431625723673,2.436208373208452,1.6382913492842106,2.464489564158065,hand_wash
5.712469879271524,4.236195817888633,-2.14626192939735,2.074997144178883,1.796619905758277,2.9412006136477884,hand_wash
5.586164754294521,4.2903935997527025,-2.358627026342464,2.0381884829212407,1.2979903099363022,3.5298225105902845,hand_wash
5.627625256238354,4.110774394303593,-2.120342267126712,2.245441892107306,2.038068323476027,3.306552435287458,hand_wash
5.203414255219464,4.669223418918959,-2.340250332181207,2.447395745533844,1.82221845238255,3.4545296779528587,hand_wash
5.609445634532636,4.195429957980245,-3.0629056122118063,3.274607812305458,0.1600970441590278,2.2717487886913603,hand_wash
5.883839062210524,3.8001656921976763,-1.701585168375001,3.02641169990408,2.2419060052105264,3.2860842241076655,hand_wash
5.344144837984668,4.662819557675056,-3.27238790558,3.5977644958831974,0.3795852059933333,2.015085088706004,hand_wash
5.742681733918924,4.426955408392856,-2.503473616013514,2.8158160115500754,0.9176300293804053,2.532282609502442,hand_wash
5.3844693234701975,4.417960533279298,-1.5232239527682112,2.047831319755861,3.1438240405688727,3.059547939971824,hand_wash
5.232229429331032,4.331149945469876,-3.3948307731917255,3.4293874472073056,-0.008796440331034454,2.216388663882229,hand_wash
5.647947721059604,4.171565840293297,-2.500193428019868,2.9806113569789203,1.6470888431490072,3.3450817618517363,hand_wash
5.147943487138774,4.180901690273566,-3.3212283069047626,2.8682065800518712,0.5715384442244894,2.834220637341008,hand_wash
5.818282149815792,3.7101341456528596,-2.831613251085527,2.5076368659533594,1.1353105519309212,1.9125731460930193,hand_wash
2.5599188013863627,4.120115937006108,-2.0291627471212124,5.355364789637751,4.611242351787878,6.9476738011710575,hand_wash
3.99777063526316,5.845780971065345,-2.975719895690789,9.301930697816303,1.8277342395526306,10.318624438760827,hand_wash
4.5853688303973525,5.450392382942592,-1.7558884908377486,6.115895939078113,4.384265923668876,8.911258697181632,hand_wash
4.653656537684211,5.155499041139203,-4.243954951671053,5.850841631193817,1.3033246083914476,5.910800128251627,hand_wash
4.267189517777776,5.261985978846653,-3.476972504270835,4.91708317034186,2.5037281405694443,7.374854546912052,hand_wash
5.39796085315132,4.547325923833192,-3.316103330592108,5.264078622839781,0.7508294627434212,5.818345836692753,hand_wash
4.604169391799998,4.920444049371954,-1.4737841520533335,4.663733988682956,3.5610622170799995,7.51125989627393,hand_wash
4.722258573006622,4.547894978107122,-4.5308995729735075,5.161980628634912,1.5591851814086097,4.392281073139858,hand_wash
4.809973532128288,4.5467261571821425,-1.9088753875263151,5.910949823903249,3.4892558834539478,6.96891336258001,hand_wash
4.247696836400003,4.910628168792483,-4.306155777840003,4.737021455075069,1.52070647274,5.569358012430976,hand_wash
4.812124506315067,3.96859568948359,-0.673955582381507,4.265295565716305,3.3201776810445183,3.7634460198133532,hand_wash
3.7977605714965987,5.073815165178622,-2.2790897516122444,6.08030028049444,3.6928318966666676,3.8919072923931486,hand_wash
5.364484491250001,4.991441131739292,-2.0837759656151316,5.060013300812223,2.0331531931677636,5.289516236792928,hand_wash
4.583550281311256,4.8070485944139145,-1.4954398983841057,4.93892601911179,3.2774712921145706,5.620238109529882,hand_wash
3.9830825095793108,2.8157721553960933,0.9718103303689661,4.369881694950833,3.9932250101744815,4.0658546467923395,hand_wash
2.876237753543307,2.870901086869455,-4.472400621776379,3.886298613266838,3.831812491118113,4.6309339241787155,hand_wash
3.1354227969798667,3.8649891465219453,-4.800448185151674,4.509017435011537,0.6033968970201339,3.575460478916181,hand_wash
3.999669693006623,2.879325463004679,-3.441900463996025,4.295806465398527,3.4018186109370854,3.492941450758154,hand_wash
3.6022739815328944,3.1550199627793396,-1.4932909543493418,4.184904960561258,4.734101748572368,3.561110632042802,hand_wash
3.195053802437085,3.0973325773321423,-1.5073211527847683,2.7358162129368724,5.302686041721855,4.243278467125392,hand_wash
3.150349795080921,2.7439638390268213,-1.079163444655921,2.295992827406061,5.610586094381578,4.281511552321323,hand_wash
3.23654785152778,3.5890757993548075,-3.559141015576389,3.3807477150958816,3.5687233094652777,3.490885382595225,hand_wash
3.3028105285238087,2.9690449156523346,-5.3655364860877555,4.176813514163525,0.3459922363197279,1.6538005543709513,hand_wash
3.858008894317881,2.807368158079919,-4.522851077854304,4.021398777031041,2.06575854976159,3.0675168205314756,hand_wash
4.06044998480137,3.2885765177327775,-4.296383691232877,3.2218924545517567,2.1286016634452056,3.4482932904292434,hand_wash
4.305661732214766,3.509191725827828,-4.665981965214766,3.713587505965993,-0.25976050347651025,3.2596332242176413,hand_wash
4.318678346452702,3.2349046831866564,-3.4976001617297325,3.957439822072522,2.463460267441216,3.898310864857913,hand_wash
3.0778438382388154,4.349394578699355,-0.46711803292105236,4.085135042515747,4.71311915455921,4.1882186503033045,hand_wash
3.923915013092197,3.0967030800041053,-5.054971404290779,4.757176513712156,-0.8362378057021276,2.445174614957632,hand_wash
3.766357226644295,3.391059988882616,-3.5825340174966445,4.183240554632155,3.4215950575570466,3.800808274627361,hand_wash
4.1636718505761605,2.9324598063678144,-4.1152119826887406,3.3539525404385158,2.867339296509934,3.809540801140354,hand_wash
3.2741072162939195,3.683377094764439,-3.9348792700472965,3.7456789528464847,1.283926876858109,4.902204781778457,hand_wash
4.343929833010206,3.302661875818542,-4.544704767059185,4.3783798034755455,0.9520048220102044,2.4658470262286643,hand_wash
4.6152206142828955,2.894530518525974,-1.4867454117269732,3.007390213403358,4.2594192257085535,4.192592144423766,hand_wash
3.681401715034012,4.158994980066167,-3.095013426666667,4.445052258910538,1.7192555970857133,4.635043434395635,hand_wash
4.620525211067568,3.4385597322031893,-3.3711601922635124,4.033793608092256,2.2338890352770266,3.741776329355365,hand_wash
3.3198941645472972,3.862371940889017,-3.022798123594596,4.674513828177618,2.390609049777025,3.7804944488414307,hand_wash
4.53539035139073,3.3876793082587464,-2.487592584523177,3.304385463427381,3.6016922029470195,3.503365427241739,hand_wash
2.9575758417302644,3.822113084724577,-1.4260389724342104,3.4680904906510444,4.549275385302633,4.0899601197692705,hand_wash
3.1644460224884363,2.230638474260962,-4.428489218363944,3.197388837523116,-3.389609943271429,2.6629980512694638,hand_wash
3.8694889517086115,2.206378062976268,-1.9179738989543071,4.131895115612147,2.626008463772847,4.9150275764929745,hand_wash
2.508589599931973,3.6443164646626562,-2.2340071726755104,3.936461472533475,2.747043039459183,4.737282426176519,hand_wash
3.7142481564729737,2.3048566544646945,-4.871621929925676,4.173111812437158,-1.843156744557431,2.8589792596810537,hand_wash
0.39809352519999874,2.991970301558524,-5.908081320703129,4.611559096452661,-2.1036692403148436,4.099551053219513,hand_wash
-0.2788070118571429,2.905622574575023,-4.202567550789116,4.3437129521409705,-0.9995034430476195,5.613665774317527,hand_wash
-2.6200062926556287,4.032961581425649,-3.3981414150000004,3.3915059131202385,5.303177214751655,3.835675441823542,hand_wash
-1.8081848497297277,2.9167370246445303,-4.609309921601351,4.39883339060367,2.7717103712432407,3.188471531580565,hand_wash
-1.846235798567567,1.937959982438011,-4.43035371166419,3.5739884246456426,-3.9760291704324318,4.111299784347761,hand_wash
-2.1515342984172188,4.617110162409536,-4.2825724400364225,4.144798704092054,-4.402622661609272,8.116134875958952,hand_wash
-1.7332579775032892,4.315996865779614,-1.8033538465447367,4.011786326846849,-5.553224256572366,7.101141433029808,hand_wash
-0.7629941501324499,2.993554334231262,-0.8437571657218543,3.4326068424805514,-6.164607084119204,5.352251367714055,hand_wash
-2.1710533240680268,4.51999803002296,-4.108500555734695,4.145902778890026,3.5521521523265314,4.068243246236846,hand_wash
-2.4568856232136054,3.3131596386206827,-3.7835084528299325,7.147810777055064,3.8764850955693873,4.498537811831069,hand_wash
-2.7104802621184207,2.629540635595185,-1.8308600519703961,2.6321045855923773,5.433940208543424,4.1583540208095355,hand_wash
4.766662577374044,4.102149232700276,-3.343918791091602,3.093166962373993,2.1037915236488547,4.558456288320113,hand_wash
4.994757200306124,4.849474654842352,-3.6799525970680267,4.275662561948821,-0.530108628127211,3.3256992308332,hand_wash
5.6706191227687075,4.0682685337614695,-2.2437591889387742,2.403413652222007,2.207429193893197,4.097619709325477,hand_wash
5.3786147400000015,4.9324233397031545,-2.9820990734932447,3.266414468916179,0.7845410344777032,2.902636487832897,hand_wash
5.5213935563513505,4.4805114276978975,-3.2217311135270275,3.431071570665059,0.4287931681959458,3.7326571984523698,hand_wash
5.273825257792569,4.784874345239481,-2.779269657297297,3.7701812906363097,1.4604250265405405,3.539210332725751,hand_wash
5.861409355036914,4.076756067417377,-3.201530665607382,3.482893782948328,0.4530692575879193,2.4347564067138276,hand_wash
5.3261028186466675,4.594217726015604,-2.099820260626667,2.0622808736198754,2.5991473044799993,2.9476177840006854,hand_wash
5.84452499466216,4.195442889528195,-2.6682699313304044,2.3056997219543125,1.16095364770946,1.5620099874701325,hand_wash
5.088401125099338,4.414486273532938,-3.795548449966887,3.3875464890980904,-0.05218396369205292,2.0056338453958746,hand_wash
5.6933993177483435,3.858203915998854,-2.8620789260662263,2.7827547250901827,1.5874262082701989,3.0324426494274603,hand_wash
5.602813192157894,4.042890176246081,-2.406581287820393,2.3290256172313084,2.4307300673552628,2.947235454222,hand_wash
5.345040360264901,4.636627342499554,-2.942383702235098,2.9657099642777207,0.06355557227814575,2.527120598053751,hand_wash
5.833199664342106,3.83559751808274,-3.3183369621315797,3.1875208671740554,0.3396746235684212,2.66288809788095,hand_wash
5.456614502251659,4.256124959648772,-1.6554548695344367,1.7660388873009487,2.7989620347417223,2.804051425761367,hand_wash
5.205284305230768,4.564351432836979,-2.6842321500419586,2.8730839861846533,1.073306613715385,2.972239415286623,hand_wash
5.924949260397353,4.402335029050455,-2.817943980668876,3.217421215415395,0.517245259236424,2.4883864616725004,hand_wash
5.7307628226710525,3.900392294685494,-1.4886786998026318,2.043358408263268,2.742615170322367,3.3155889951518605,hand_wash
4.7644091728472215,4.722452705229867,-2.615749312354165,3.1830636018573126,1.2734227737500006,3.575521201443231,hand_wash
5.616480320516894,3.889382943784753,-2.859837500993243,2.5772910721114313,1.6197186803229733,1.98526740496622,hand_wash
5.604091889046055,4.1482546306592365,-1.8280161924144729,2.082646252031237,2.687471692480263,3.257890557656417,hand_wash
5.160088738995889,4.614752780736317,-3.24130624719863,3.062881905594416,-0.3421649139999996,2.9218367958176827,hand_wash
5.419543477718122,3.943027670834697,-2.9414302173154354,3.165693490687002,1.1523299679080536,2.95013630143487,hand_wash
5.093354239108108,4.4746099812319855,-3.241530879081082,2.954463315076662,0.7877106125608098,3.4788421818551316,hand_wash
5.64702961269737,3.775960320768763,-3.171149920782894,3.5203642193777225,-0.9186414357190786,2.8352265673026236,hand_wash
5.097172070644294,4.953527854744906,-2.3627262021812085,2.826296846260116,1.8748550811120808,3.8096980251536214,hand_wash
5.506815802147649,3.7236078664124292,-3.7701310558154364,3.345865125587274,-0.22745277774563744,1.6957098054944038,hand_wash
5.359711288278144,4.541182523369531,-2.362380115466225,2.4475785099319824,2.072315084993377,2.751444459635474,hand_wash
5.668053047506991,3.5650335117627785,-3.565487785047552,3.6929226273724414,-0.4599185314216784,2.6980193911231094,hand_wash
5.462704999865769,4.818796604737804,-2.5696483671946306,3.5642928154542397,1.179554046213423,4.451610327285033,hand_wash
-0.29552920835384616,2.616599268108307,-5.3136596630769235,4.379140791106711,2.083474251692308,4.344369609906004,hand_wash
-0.507234679062838,2.9436981204820407,-4.724335211466213,4.786026789809889,-1.6376519938513505,5.219537263412503,hand_wash
0.13416832575838927,2.892190032037108,-4.287388738122817,4.288032719764695,2.8998097909127525,4.315612439696536,hand_wash
-0.42121516042993196,2.971762344140656,-5.256583929585031,4.578516002060954,-2.31163185394558,4.1332708013970185,hand_wash
0.7807217892266661,2.7092245573546734,-5.201854373006668,4.702416738232343,1.9364614271599998,4.057713794235911,hand_wash
-1.8944339127755083,3.597539275561794,-4.131013340741496,3.678575272102728,0.8250314275918362,5.586087291114765,hand_wash
-0.6945134879324325,3.261622732693254,-5.464146320675678,4.7104779343243255,1.5745092780405403,3.462072622895137,hand_wash
-1.9386983596778524,4.12645952797571,-2.5464692136859055,3.955917830658088,4.695577633496645,5.0856266938053025,hand_wash
1.1916030828023438,3.32256718794409,-5.338520601562499,4.628096094028514,-0.5394770231484372,5.966915951730564,hand_wash
1.8542386218874167,2.12332684996254,-5.4216893603754945,4.985513380915374,-2.1160674409602653,3.611110035719306,hand_wash
1.9236778699178079,4.448451478407074,-5.078527210136986,4.994549656826241,0.622104864561643,4.408363829387506,hand_wash
1.6612502114897965,2.3953610738732154,-4.302439416156462,4.635390477312369,-4.2386077568979585,3.9755399617843876,hand_wash
1.9292847473394554,1.744850696545102,-5.494725480142858,4.61314910708625,-0.942534405020408,3.0454234712009187,hand_wash
1.412434312668919,2.782841356151307,-4.156413560191216,4.351492054450238,-4.121932456283783,4.580774689603643,hand_wash
1.6307021754980264,1.9610370985938907,-5.514465011348684,4.669600494542065,-2.7286838652480263,3.0401701190225294,hand_wash
1.6027507176486484,2.651740772820882,-4.856443178243239,3.8951513902583788,-2.1615339895608114,4.13881916432371,hand_wash
2.4110712513121615,1.9368868850211396,-4.101636097790539,4.608278183807031,-3.615767924164187,3.9171630724692164,hand_wash
1.3735475002881938,2.50782811131616,-3.913674097583335,3.507603117087796,-3.0816489838423604,5.083683568804527,hand_wash
2.5238439445657876,1.8684032163352724,-4.731368046495395,3.9232408623158475,-2.085177779383554,4.680865973838427,hand_wash
0.8366939007103449,1.854221757846071,-5.183291520696554,4.893390749056031,-2.7699875286275866,3.8407432887435076,hand_wash
1.5588138757894725,2.3160408512905795,-2.937679880721713,3.0488898282287735,-5.45502559642105,4.49982880184005,hand_wash
1.9291845819932436,2.000280725802194,-3.4940886391297292,4.286336216483597,-4.664066255631756,4.090359180772956,hand_wash
1.5116460045205484,2.301140057412864,-5.5569382404999965,4.333577585187104,-1.2734901677904116,2.7549194616141044,hand_wash
1.3475374304333332,1.8030173312626996,-2.833344053936665,3.5063765844067647,-5.602262106513333,4.438919264256364,hand_wash
1.5676978995138886,1.6102441686460212,-5.769987834048612,4.74689876948157,-1.8140752129375,2.356300046127285,hand_wash
2.0401750128933354,1.5356104601594054,-5.1966393698266655,4.395667274905635,-2.5969169298800017,3.047764576614984,hand_wash
0.6387538320574321,2.1266777563867776,-5.445491087594598,4.307011240632341,-0.4527711961621625,4.003673738211083,hand_wash
1.651002102249665,2.9918388059849335,-3.6496354599127545,4.530566968574414,-4.2133670015201385,4.93165759526688,hand_wash
1.7833296285582794,2.859565550425378,-4.804323642549669,4.055256347765462,-1.7082929804370868,4.390139854330281,hand_wash
2.0307508638231297,2.0509644711949115,-3.248903823904762,3.4789709128410107,-5.245086697210889,4.384297035271443,hand_wash
1.348030715857143,2.4260940024693234,-5.1734995465306115,4.521953457400117,-1.6395066118843535,4.385963478312574,hand_wash
0.9311796745270269,2.387344885850847,-3.855796268304052,4.6638668586647425,-4.72569868861486,5.101707385266286,hand_wash
1.5874651248911562,2.864558168881461,-5.018027496482995,4.135033825234107,-1.469607319452381,4.3121885096103085,hand_wash
2.0742880881496584,2.2182096530601996,-3.9161173380646277,4.153211948804006,-4.413586347843539,3.8031596056743684,hand_wash
0.4649257945782316,2.5623536927098516,-4.875098261700681,4.536514973263285,-2.080168844496598,4.895832172021271,hand_wash
1.980995441208965,2.1475457225751913,-4.1625392888275865,4.28059979257465,-2.4852020103137935,5.1133798087036,hand_wash
1.5321206995102037,2.7376242638863744,-4.208259927941493,4.772437169514495,-4.253244808884355,4.194969599627213,hand_wash
1.745325980046979,1.9327213449318428,-4.411602840399328,3.8225837074155016,-4.559323305848995,3.6232692801444903,hand_wash
0.3686596667082759,2.436678558995892,-4.754324587744829,4.4730891850357075,-1.8356670808413795,5.283229720934641,hand_wash
1.7420084436174499,2.5678930049440156,-4.548509680543624,4.139280978149508,-2.1866210766711394,4.3390911407766835,hand_wash
1.9633261224362415,1.8922861638706148,-4.525112665116107,3.8431185897593334,-4.005321680479867,3.588248410382009,hand_wash
2.216213208486841,1.7602442655528232,-4.664560564761842,3.6325951096859876,-3.634654765881578,2.909680304211582,hand_wash
2.4207367844000016,3.770513101569097,-2.4964938535166676,3.607327357354758,-5.2957928386,4.356718399977307,hand_wash
1.1749741057517231,2.39192883845886,-4.900174906234483,4.235147416118394,-1.2540909101841375,4.498286077151302,hand_wash
1.7122650686979872,2.1279436702108288,-4.204682618530202,3.948813522840824,-4.55666140228188,3.7221955326704848,hand_wash
1.8159096703378372,7.228756716839599,-5.932476639371624,10.236037727722858,-3.762415106148647,8.193664021738288,hand_wash
2.671476077878788,3.8212709278461903,-3.3640597934848495,4.00049573642325,4.377291215454546,10.319705688407392,hand_wash
3.612127763065789,5.063783697021736,-4.956437010989474,7.3069327261577435,0.779696563282895,8.230957436914107,hand_wash
4.342266061523178,5.470404063668152,-2.319428493708608,8.008552057133478,3.293713400377485,10.27708301403575,hand_wash
4.314586517105263,5.377118015974781,-2.5793582359210516,3.9060625970702874,3.2749955764953955,7.77230616187176,hand_wash
4.153424745231788,4.201967111497263,-4.951540133854304,5.987430321612485,0.009811725728476675,4.631604664702749,hand_wash
4.752367850624999,4.1587078797058155,-3.269880603710525,3.913213957614529,3.168638482328947,6.810873551390356,hand_wash
4.505318939295775,5.098915080644386,-4.249743523547183,6.876707734476423,0.6736839313028169,5.255999619936398,hand_wash
4.345758218064239,4.352900407933075,-2.79025875076159,3.759016708374116,3.9592743042682126,7.90772828265688,hand_wash
3.861055754831081,4.711637589972649,-4.66367967251554,5.613269389582677,0.6388657675094589,6.953282808916376,hand_wash
3.505384632833334,3.92500203070461,-4.736543590462586,4.0657020428154445,0.7699860325170074,4.65079016005771,hand_wash
3.0496809677684564,2.1622394241571636,-5.041885064127516,4.138656212009704,1.7553666734650997,3.0749184930582922,hand_wash
2.570423222721476,1.8326024608944147,-4.279424851371139,3.065916283754697,4.08810512639396,2.9106171472600257,hand_wash
2.075775359903402,3.2873892666199764,-4.390794163612246,3.6182865052613296,0.8011244721911572,5.015923486478463,hand_wash
3.270974682847681,2.0785585421779147,-3.335510731172187,3.9268649470613113,0.2766321793543034,5.915695067365766,hand_wash
2.485522958793103,4.003255873258813,-3.8687640893206896,3.7852070343645035,0.5774412433655165,5.458800430824197,hand_wash
3.182326561409395,4.266708408457061,-4.1509359550671165,6.114055591287867,0.42050394197986585,4.250070178293296,hand_wash
1.846583367751938,3.9351919993985707,-3.4250744809403106,4.7721754278924475,1.6943836877364358,5.163587871584046,hand_wash
2.922480291891894,2.8980180525293124,-5.360496393114866,4.769418733554568,0.8111683986554049,2.9340977865674938,hand_wash
3.6374117546357647,3.6533466500670886,-3.4939422501986765,3.3716979433320398,3.5245823358940407,4.087059150334577,hand_wash
3.4029902669523815,2.819850187988776,-4.891426093122449,3.9511339372428647,-2.1293392664693895,2.4636075701138607,hand_wash
3.8683437128187936,2.9153840976753673,-5.054808176342285,3.6415675463945365,-0.7540149068436245,1.6217971609617092,hand_wash
3.940576489802628,2.8532725314676823,-4.323710991769737,3.917168570062042,1.8860074383684218,3.737302387640625,hand_wash
3.49034972529452,3.379325058060015,-4.510500955863013,3.1860152163139572,1.0239998320547943,2.4745902700014444,hand_wash
3.725206422027028,3.0315907045013626,-3.935385343844595,3.705737171488454,-3.2901873367972994,3.4574101644213537,hand_wash
3.9809737288424656,3.0748715819069408,-4.502905464674657,4.093972905001697,-0.04901214154109644,3.056789221041179,hand_wash
3.6642882050878383,3.696931627550073,-4.437023209283782,3.943097798980767,-1.5187963420405406,3.204372812588395,hand_wash
4.356840612276312,3.0263144290266917,-4.494517715151316,3.603293951178533,-2.0637726724868424,2.2152398127188744,hand_wash
3.841557273312925,3.4175247750053392,-4.169684195782315,3.719575886813154,0.9903664295714283,3.7479649538591313,hand_wash
4.127930889630872,3.641267490520479,-4.147327812367111,3.3347395775979916,-2.2648257228724824,2.181253107257308,hand_wash
4.458595415711408,4.320635262060071,-1.698950577383221,2.2867115582866115,-4.068963630248324,3.1910129905258118,hand_wash
4.477705026815787,3.2847089887946126,-1.125952680868421,1.123839039551775,-4.469334485643421,3.3226422671361973,hand_wash
4.906980562040817,3.215709374129146,-3.477066520410204,4.064278731253638,-0.8404553251700675,4.229507263293624,hand_wash
3.74806294497931,3.719688193002925,-4.4350888007620695,3.698030446064264,-2.299288174079311,3.2915824477662934,hand_wash
4.272823893157896,3.1095154881299734,-4.540795399901318,3.8443213872576507,-0.7303198395447369,2.437221289815128,hand_wash
3.9067319175172424,3.8505517306097774,-4.111478850742759,3.5722944619330104,-1.5186203020931035,3.5862064309920636,hand_wash
3.4370028052550334,3.7991724907611557,-4.323503973755033,4.350066721560372,0.2823735783892621,3.418830047527164,hand_wash
4.622538919060001,3.106530709008024,-4.285693537456669,4.034965004868244,-2.2918351415500005,2.873171417391776,hand_wash
3.944089258689188,4.867944287976265,-3.933342861506759,5.400644941971759,-1.713552131317568,6.5019915318761266,hand_wash
3.897922161214285,3.7186447510768685,-4.497907683673468,3.94194289713136,0.00292092853741491,3.092776147360876,hand_wash
4.687819910789473,6.697799328270299,-4.637004319651316,9.67145497603888,-1.3750289447980262,6.427186253977269,hand_wash
1.7914507725298021,1.7894554675994354,-0.14220821276092754,2.55793543629656,6.079600646516555,4.452632593821029,hand_wash
0.6960836131153846,3.66728534682596,-5.131830035607691,6.256644956116509,1.9411010705846155,5.234853844096747,hand_wash
1.6784120175241384,2.902526139908235,-3.7262294884827583,4.501505881469448,-4.787246034789659,5.415450586185659,hand_wash
1.458544714878378,3.434971394978893,-5.85335786660135,5.867397144359972,-0.9885504896216215,3.8263331512237997,hand_wash
1.7420915317210874,3.2423508335260616,-4.395941476438775,4.7866302435745345,-1.3091767737346935,5.265967771266869,hand_wash
2.471325906404109,1.9926581279118964,-3.8007985517328775,3.767869045161067,-4.329244274640413,3.5270312105440578,hand_wash
2.3182177673576154,1.9803252235669295,-4.315420708410596,3.7482503250010053,-4.247519319523182,3.703435033114449,hand_wash
1.7235563502108846,2.124586923871039,-5.090983084829932,4.1671462419305,-2.9471999372265296,3.0300703392516537,hand_wash
1.8420879025263166,1.9467810560370071,-4.218547918782895,4.038849653049191,-3.906360215986842,4.507456751475606,hand_wash
2.306800560523809,3.275586026464075,-4.024465679149661,4.0742412175647935,-2.4826191502829937,4.28052889152598,hand_wash
2.805902572879999,1.89534251176548,-2.570505903623333,3.005901063963918,-5.14525414558,3.801996431359702,hand_wash
2.3072571131166666,2.491029765356576,-2.008902978339999,3.228319291101531,-5.594489766673331,4.593077021419864,hand_wash
2.975574597872486,2.0640356660075425,-4.994677591275167,4.236229745891111,-0.8501211035657712,3.3436692799451633,hand_wash
2.1889935828344824,3.236820725811691,-3.6490719832551717,4.307370354726891,-4.5101846530931065,4.439617486474609,hand_wash
2.9647225163888886,2.5678630397975986,-4.013022003493054,3.3627502883904072,-4.182488832361111,3.700972177996464,hand_wash
1.0124168138199996,2.5431450655968355,-4.497624771533333,4.445135230693957,-1.9177319048553334,5.260799060658424,hand_wash
2.1927306493129257,2.242617977381587,-4.406907363414963,4.218196740496852,-1.6283719866033994,5.04042903595277,hand_wash
1.0218665470795913,3.1519149279852865,-3.872761557510205,4.285360646642219,-4.812719984448979,4.565638673219119,hand_wash
1.3716325304315065,2.5849909913243927,-5.353427579520545,4.631332015217189,-1.9885151959863,3.7659748118029213,hand_wash
1.3201723743355702,2.212822018499609,-3.7054383773255037,4.175481211419209,-4.853615972704697,4.204408699938532,hand_wash
1.4866941566754968,2.0966909333368764,-3.8316899440860936,5.327903384118073,-3.229172614839072,6.258089127866153,hand_wash
0.9662305450768709,2.0852852488582982,-5.717879221156461,4.923210093547588,1.4672854550476189,3.20250528006233,hand_wash
0.401352265918421,0.8829387746383307,-3.689148287289475,3.323775669915351,4.860945378855263,3.9061321987240607,hand_wash
4.858570960930232,4.02699959834735,-3.240372604077519,2.713527648598047,1.9106777798372099,3.1678682788878247,hand_wash
5.008439601249998,4.577815059328777,-2.930928238726389,3.067430706798798,1.4225562403055554,3.2309087837324677,hand_wash
5.850516656552634,4.05351341425172,-3.0545440220723674,2.6701934269651826,0.6798804845052636,2.1647956073537586,hand_wash
5.50230276391391,4.274937109691555,-2.3979849394993376,2.20962422960905,2.059228090856953,2.442395925418244,hand_wash
5.450158131842104,3.9840228111583023,-2.654432096884869,2.2733857145398213,2.334643766391448,2.5490108273371344,hand_wash
5.625602894844373,3.911557034117613,-2.95786942450331,2.220360856094053,1.9317552016443695,2.3588482465028635,hand_wash
5.198789349112582,4.450574119847708,-3.420464733049668,3.4693794418290658,0.13463007955960268,2.5039516241939395,hand_wash
5.428557528118421,4.2331246335392185,-3.0243383688355263,2.641283825992965,-0.4151569154453947,1.9942200069705138,hand_wash
5.940158767549669,3.398209323019798,-1.9496195687880788,2.976165461985784,2.2698973819119206,3.2574556326725217,hand_wash
5.143121839394735,4.234326535906531,-2.468395348980265,2.7010350749625043,2.5985142338881584,3.2805321231730957,hand_wash
4.748155374466668,4.359126364180051,-3.0012565155733313,2.867989976218107,1.025292357809333,3.8637865749655793,hand_wash
5.350116921972029,3.8753307706936324,-3.5275982725594406,3.339397147002755,0.16602971102307684,2.245678690532002,hand_wash
5.545507254067568,4.029560315956527,-3.0528814843412166,2.489503865054948,1.729418099692567,2.9628386541415725,hand_wash
5.5004196825881575,4.214281547611131,-2.598671456105261,2.3635555367353316,1.140595474391447,2.7410924179427862,hand_wash
5.410144185287671,4.280872622969994,-3.0217008411095887,2.853891939794538,0.2264118807212329,2.9661008380603446,hand_wash
6.009317821872485,4.101481201918007,-2.670200921953021,2.9247038950789412,0.35251316363691276,2.077424046575788,hand_wash
5.226087613483224,4.471630785109866,-1.88803447110537,2.732840203570957,2.7162539748154355,3.6015670346743214,hand_wash
5.064061111855175,4.404721502780985,-2.9289248736275852,2.6542524040988478,1.8654997142206902,2.224555897932189,hand_wash
5.316279596375838,3.8484434783660784,-3.458906733651007,3.0489990840941585,-0.47248920108724846,2.5107510978829173,hand_wash
5.535768238817568,3.351191092240762,-2.111565913702702,2.9712496962280537,2.2145881022432445,3.745626151923863,hand_wash
5.037965538289472,4.5757571675818935,-2.3277084745921046,2.285223608919536,2.437270939865131,3.4485567584539614,hand_wash
5.443069431379314,4.006590439809605,-3.4389794570020684,3.161738738790102,-0.4268388614620687,1.7650321165435217,hand_wash
5.714359972302631,4.131257867154371,-2.8415187468026315,2.8537637984857738,0.4331973448749999,2.262995613460534,hand_wash
5.613523194970861,4.175040243088799,-2.381768975390728,2.317472209608855,1.6336348472635764,2.659484089365344,hand_wash
5.230954874829932,4.222304213906335,-3.0769572028911565,2.647502496130922,0.2635649536918371,3.079322276872008,hand_wash
5.646042151019866,3.743867088169459,-3.507319342293377,3.0006042057854807,0.5291037374807952,1.4865102985045862,hand_wash
4.905150038467102,4.440746433312687,-2.3172646550217104,2.544102541308626,2.7556167229703945,2.9845464268107595,hand_wash
5.478006693586208,3.842701062694497,-3.297466943459999,2.9472347989288408,-0.5189569641400006,2.2551337563217926,hand_wash
5.130165028874172,4.354420504600179,-3.1695969788543032,2.7916461580020817,1.6120982768609264,2.305214777909376,hand_wash
5.6294861914702,3.9408656818767063,-3.1326517335496695,2.6005318012546654,0.6755579609271523,2.052471930789936,hand_wash
4.9868295704081635,4.251782046794075,-3.2077858254965963,2.66628555176575,0.12341752444897913,3.2082214677858643,hand_wash
5.731653702715232,3.401825012904358,-3.636986210145693,3.1888842793427097,0.12270122947152316,1.821905729974188,hand_wash
4.931962490871624,3.4475344564602164,-1.4234036334006746,1.849175937185215,4.070831757186488,3.058626585611467,hand_wash
-1.1869731501153848,5.149743593810911,-3.984097945623077,7.263074617985521,-3.000946580212308,6.57594463591448,hand_wash
-1.1491187727891155,5.968168553416436,-4.500816228482993,5.811852805539302,-2.9204690439863947,8.032521256567046,hand_wash
-1.7030970477837837,6.870417081580684,-4.285128053844593,6.967105467881327,-2.610385498662161,9.000591989302654,hand_wash
-1.5053200574827585,4.146214445785126,-5.515250016979313,4.679994149177968,-3.7661664869931037,4.690570489673393,hand_wash
-1.2508927143401354,3.1745195422839876,-3.0909309844625845,4.041397223638806,-5.455804848391155,5.020204301856629,hand_wash
-1.541011459426028,4.330366445936816,-5.359202474424655,6.343245256695289,-3.0013059392739723,4.20891633312174,hand_wash
-1.378428703807432,5.177821169260525,-5.569083987972973,6.430753022892634,0.353559623067568,4.126589419160606,hand_wash
4.285433774699244,3.8210065107700792,-1.0802645423106063,2.551302002329298,4.241637624560604,4.671881601958357,hand_wash
4.493160614285717,4.892055900830579,-1.0969999890408162,5.039757289599098,3.344125070659863,4.337345435166493,hand_wash
5.315990153178805,3.6569040816302656,-0.18856369412384055,3.622048839299085,3.5977666510794704,3.739164016542303,hand_wash
3.88091768860927,3.5484337213991197,1.2620892926225171,3.407266829273612,4.705249946284769,4.935138654095304,hand_wash
4.207029295648651,3.9486090253180115,-2.0658365416709463,3.6176377759536065,2.940754984447972,3.9890788819224285,hand_wash
5.157988563178805,3.4797573251931446,-0.046160107821192606,3.767762355228696,3.9810713575317873,3.5896551077663115,hand_wash
3.853622712203948,4.662934649144504,1.926766361651316,4.298640474274801,3.281849125118421,3.3098812535391375,hand_wash
4.8921260776014,3.85210966220451,-3.1367860623986026,3.867856379871803,2.4870879266237784,3.026668025666493,hand_wash
4.740979843881584,3.5326944043679673,-0.3152969808026316,2.986239640740521,4.25058532735526,3.825634323458953,hand_wash
4.26498863678477,3.7190401422288297,-0.23736245900000003,2.405911707975078,4.907321171834439,4.559273299137582,hand_wash
4.301769788965518,4.536180775313996,-1.7157060488020688,3.866222035848607,3.3858333549931037,3.5529298023388862,hand_wash
5.191755359013157,3.394665544949722,-1.6049120427006596,2.813803801976387,3.697351460710529,3.265047510206497,hand_wash
4.457031017019866,3.733527879751281,0.8712124669006622,1.6164104740297949,4.392253141473509,3.5447472193262204,hand_wash
4.379652268124998,3.0793565525131847,2.1544647988618415,2.934108951049926,4.557935852111843,4.283524498516445,hand_wash
3.989476653034482,3.9332432891425246,-2.0569267932413786,4.485614640328558,2.904235016510345,2.6551148168055363,hand_wash
5.228179349480259,3.3862468140309843,-2.314774459717105,2.632005904189796,3.3420294816282907,2.905955552135364,hand_wash
4.491176062192056,3.5713464587773602,0.5199703831854302,1.3124686247405053,4.548616014141062,3.6800236622275477,hand_wash
4.204375889671054,4.433557765652755,-0.24215125531578957,4.186587459939261,3.6907107287960517,3.897980516634507,hand_wash
5.032742578356165,3.636022432117558,-2.4797616534863005,3.5478393993682498,3.1308557171184943,3.074570837288803,hand_wash
4.532253888973685,3.249564220315118,0.5376526899407894,2.224154627442357,4.734607057635528,5.279889340488617,hand_wash
3.829304563736487,4.548074971457623,0.3287696713263508,4.711613770705147,3.472971137309462,3.343075364211051,hand_wash
5.162645019213333,3.5442653673603184,-3.194149058691334,3.430374489824207,2.575611910858665,2.535729620350002,hand_wash
4.282334331278145,3.0164903309429696,2.9587515758609273,3.0408888513666357,4.445111382571525,3.929807973385216,hand_wash
3.8073524878749994,4.765430750257343,1.2313220614519735,4.280785469150811,3.332918236578945,3.3233663513080307,hand_wash
5.033542798869864,3.2492101419054498,-3.522658763805479,3.448414088389673,2.4229646771719175,2.992314017902371,hand_wash
4.938559432333331,3.6180443664322097,-0.7424577981180007,1.8535718724979273,4.153751615716002,3.9340409185111644,hand_wash
4.935509579078947,3.722156615569888,-0.5999363175828947,1.5754558227296045,4.16529432885329,4.251231943769758,hand_wash
5.1925912391476805,3.797995331873241,-0.4829071629894039,0.8526700204014525,3.788003072186091,3.278977962902414,hand_wash
4.742480583993417,3.508508774624272,-0.6581005213157894,1.7433646730235297,4.642063702546052,4.041158852707139,hand_wash
5.119004793841058,3.925175548967546,-0.5865422281721853,2.497626170681348,4.288780448152319,3.670999744532665,hand_wash
4.9704920553815795,4.608503895510312,-2.27513485644079,4.229202887110145,2.6904127552881576,3.338218089925692,hand_wash
4.881961466092715,4.1870182312373245,-1.2434849075013243,1.789031678550875,4.176425456039735,3.938314278699014,hand_wash
5.023455599473684,4.330503434394293,-0.34642327891447355,2.375478540689234,3.863132606220395,3.474954732524528,hand_wash
5.038201922582782,3.6261041687974545,-0.47614468388874176,2.7548216054220123,4.42422109339073,3.9305208073729085,hand_wash
4.504949066714471,3.925382281857631,-0.20735519925460505,2.306062804625726,4.083435117200657,3.5287082494122215,hand_wash
3.591970408107913,3.5860340739351866,-3.4043483547028774,3.5596825751555348,1.6695675056503605,3.8690973092170373,hand_wash
4.703847845184208,2.6903805790036364,-2.629051274146713,4.069344088796007,2.3737827509381573,3.738706599817018,hand_wash
3.257934799327661,2.4785289085923643,1.1448983385212768,1.907130861175321,5.7669424992957445,4.06999062590306,hand_wash
2.4022659657461536,4.086378976687924,-2.729580510307693,5.317240480534608,2.864048733051538,4.244432575383498,hand_wash
4.255164330749998,3.442310049580014,-4.0941880565855255,3.928701616201843,2.0115046849901312,4.047169011536325,hand_wash
4.2093999838367315,3.6022342512392274,-4.377147545184353,3.6761421091444633,0.238435199377551,2.847424345572139,hand_wash
4.443675364802633,3.201066434020571,-4.55022825332895,3.7990157977800796,1.2479796740519742,2.431293816778026,hand_wash
3.735446455854304,3.733155325541382,-3.3261477576821186,3.838704547481499,2.6300590733112577,3.5866682614099092,hand_wash
4.178633666734694,2.9549308829011873,-4.512951997568031,4.142039976311508,0.37810892132176843,2.6869901485052803,hand_wash
3.72538531093919,3.5222722718952424,-4.506743883716216,3.8960124755098304,0.45637186013513487,3.81511481074395,hand_wash
4.508724622770269,3.3754939511653532,-4.560410450049322,3.9860089019538094,0.09223657844459458,2.5604820206733643,hand_wash
4.277445570888159,3.5409729199683957,-2.814443819957893,3.7579382340280003,3.230464287131579,3.499642310378978,hand_wash
4.097165751041666,3.5209712692122945,-5.062574429354164,4.267061713586236,0.5522278525729166,2.192274853238728,hand_wash
4.47942928655921,3.1996776755468743,-3.4511308876710522,4.3518215601744155,2.7362528552480274,3.631189821618399,hand_wash
3.86428903041722,3.0752883139674685,-0.7566894316642384,2.753727104539127,5.003104207370861,4.225242227880736,hand_wash
3.0781778590875004,4.374245066104231,-0.5085624777565789,4.16981858969327,5.792484447802633,5.546762956779136,hand_wash
2.450521901312501,4.012653139393863,-2.5741501750486115,4.460347109768311,2.740217152694445,4.638338739131677,hand_wash
4.151472499671052,3.664690753465004,-3.93559000394079,4.223014603292303,1.0989811184736837,3.188025817732345,hand_wash
3.979771910013792,3.235753602470678,-4.795650262924137,4.123100839994372,-1.0818585247034491,2.424616948022805,hand_wash
4.1193998588275855,3.0364859376571065,-4.6229144574965515,5.106520442368659,-1.7596905499655187,4.022684064522919,hand_wash
3.780690371146667,3.7913125864720016,-1.926866400600001,2.938350570753527,3.654476464033333,3.4427784966587103,hand_wash
4.8394603796148665,3.469219109332766,-4.428507369871623,3.3917715726535946,-0.43560010320743237,1.6925473440618442,hand_wash
4.125854403175675,3.544051927642094,-4.167421958736488,3.7943158940418766,-1.977646943833784,3.3813028519296293,hand_wash
4.390744446291389,6.014147422068867,-4.614023373953643,7.8455024945339975,0.7675922596688742,4.53023048224139,hand_wash
4.446084847463577,6.774474119855315,-4.459312056072847,13.275886066739476,0.10205091236423847,6.735592627197208,hand_wash
4.586900360789064,3.7192853327869075,-3.987347111796876,3.177972240407303,1.6584597385664064,3.5579353222026993,hand_wash
5.15975863478873,4.831197913624822,-2.4644759942394368,3.5757034756348776,0.927917015464789,4.039221982421429,hand_wash
5.814129430536911,4.363836706670597,-2.334115871697987,2.8694919618614896,0.9435948844161074,3.405132363149604,hand_wash
5.5434453324417206,4.150533659124453,-2.145593929960264,2.319976388961124,1.4902624233112585,4.394577258988762,hand_wash
5.38370133510204,4.657525803675095,-2.9309729709047607,2.9429819089560363,-0.07782940192517021,3.52041675649846,hand_wash
6.252646166418921,4.270396805722101,-2.184422547572298,2.626250786492574,0.6162906189391891,2.313291884086313,hand_wash
5.475521734032893,4.176114493990427,-2.0090443496118415,2.2678555164969834,2.548663641379605,4.291623666423455,hand_wash
5.49921981183444,4.296655954244177,-2.244028672887417,2.492300153411302,1.927002322668874,3.606371494059687,hand_wash
5.150889845578231,4.43953679113327,-3.280642098367347,3.419808612361627,-0.1545316046238095,2.641369596461955,hand_wash
5.674540704834439,4.074445093240599,-3.167292509448344,3.24075256689319,0.4754413814086091,2.353905689170216,hand_wash
5.0591341331418915,3.775756231096331,-3.2139736860067565,2.5804909403503533,2.314860326641893,3.254011318451053,hand_wash
5.195851181335616,4.103525769576892,-3.1981671816095893,2.842408804692867,0.36246902261643826,3.4698980116692404,hand_wash
5.183742368802725,3.8043504970817397,-3.5598692702448984,2.905855705269977,0.7500758871476192,2.9353610035605135,hand_wash
5.131951344459459,4.3449922312773275,-3.1312801818074325,2.5919831587471904,1.583680975273648,2.6688936740265605,hand_wash
5.154672288821191,4.088938200362646,-3.6458329039602653,2.9987858376178114,-0.6518687280066223,1.7620064993681213,hand_wash
5.368899993828946,3.597628826089067,-3.602487750032894,2.880210879139295,-1.0372793240855263,2.397948002409536,hand_wash
2.2869752184246597,2.79254236799033,-5.501242683712326,4.416473234751977,-0.35639869839726046,2.2165899220756056,hand_wash
-3.214914599600001,2.9774531418586854,-5.152599400998004,4.787932842765907,-0.05008256664333335,3.9749488332552834,hand_wash
-1.5842561431293702,2.374325834465265,-5.160262853576224,4.508686627058366,-3.0002943483986018,3.2711130635401995,hand_wash
-1.8124152584315079,2.8303389597402027,-5.554570267465753,4.525232567857848,-1.9689982576506844,6.2027280500680755,hand_wash
-2.1972698567876714,3.2726315029138484,-5.305463129688356,4.287066866860993,-2.801175586999999,7.266658404429163,hand_wash
-1.378718471544218,2.143751985606606,-4.889990375482993,4.105039433670152,-3.2775859659884357,3.933188321000305,hand_wash
-1.8605631550337833,2.6866849024362214,-5.600956522135133,4.648100663986939,0.03370986689729713,3.4385938500841413,hand_wash
0.012227145486301523,2.251897339957892,-4.462110345578765,4.039648111692181,-4.220984986989727,3.829678451205952,hand_wash
2.295695327947019,4.062212730157972,-4.6253339378986755,3.89059716416838,3.0168878132185437,3.4431038442472395,hand_wash
3.7465199341780835,2.185804646463267,-4.894392652773968,4.304594357943522,-0.3477868939698638,2.9650682707069524,hand_wash
3.2460860742682107,2.6930097835971014,-0.9283608705377474,3.113306028934153,5.160142162258281,4.304681462216194,hand_wash
2.5382107107482983,2.951426489405903,-2.0797888474285706,4.959927067812632,4.700108817340138,4.201025196416843,hand_wash
2.5961396951216225,3.533337091427822,-2.919111495655405,3.817337827631542,2.7918571526101346,4.873406014262126,hand_wash
3.7431189655496695,2.508684207046152,-5.173161176774833,4.096191185471777,-1.47327276136755,2.272301031411403,hand_wash
2.742211614020269,3.42851369604559,-4.1784962657500015,4.1088052614030435,1.349000411547297,3.9091872633737452,hand_wash
3.1742908226470212,2.171462946215465,-4.57270045260265,3.3834403314480492,-3.2911350851986767,2.540039049419299,hand_wash
3.7501039024407903,2.3436775645570402,-5.100997319302631,3.9582811920563286,-0.5588543295690789,2.1413750096414694,hand_wash
2.8667466481456962,3.377214283600867,-2.390360474105961,3.3752883161747866,4.500715321509934,3.8413399880571477,hand_wash
3.9521800387755084,2.5441581985360364,-5.10522542767687,4.14901262890582,-0.8079790605829931,2.532922665231801,hand_wash
3.337781453807692,4.250730846987729,-3.249818053396152,4.4046899141269975,2.7715982811307707,4.144864203707426,hand_wash
3.856897078150687,4.058886363239404,-4.5296374409349305,3.841817708431977,-0.4027158562671232,3.9313512983497,hand_wash
4.058879396403972,2.942813235641404,-4.619440984874173,4.229600723015296,-1.1570321814059594,3.450977247033956,hand_wash
3.582427500006758,2.873067320470572,-4.402817317040542,4.340677426465811,2.015039559540541,3.063604817627035,hand_wash
3.200788199121621,3.4644945215240903,-4.7828658978040535,4.409819157203491,-0.5218680090202702,3.5039877326140436,hand_wash
3.5358224634026834,2.818156043718262,-5.15919175038255,3.8729617755989207,-0.9294824115590603,1.9526760923427235,hand_wash
3.0421145293377476,2.430850500131486,-4.366630605523178,3.7327575133453488,2.0925268390264904,3.9163170803416025,hand_wash
3.021031366027585,2.897655628794051,-4.725126774048277,3.8365199826776157,-2.8968424576620695,2.9265973348681986,hand_wash
4.0849098323355735,3.4462220071664023,-4.5742787550134265,3.931357294722652,0.3353841301993289,2.4028159842526087,hand_wash
3.4698104403020134,3.24371486347788,-3.574145617391275,3.422506944160644,-3.7469348004006675,3.1527275056634423,hand_wash
4.207711484390733,2.6555002073385308,-4.014819734350994,3.476922812202013,-2.569417895625163,2.9580611702139548,hand_wash
4.044790965074829,2.737676980484195,-5.057572122382992,3.876742255135672,0.8441127819591837,1.941597096984222,hand_wash
2.2468822440328955,3.7082983658888127,-0.543655133151316,3.4336885489828934,5.362842966578947,4.506334397876815,hand_wash
1.8752479596418927,3.2785064683643403,-3.8168548506013513,4.139312062229096,1.5935715290925672,4.982662747841237,hand_wash
3.7197158983443703,2.6336785985544346,-4.538842600433775,4.2922024648483,1.6724761089470197,2.9966544669450506,hand_wash
3.494127379391892,3.4750485486910807,-4.783104103844593,3.8074966076897008,-1.2296792312472973,3.4532914129756134,hand_wash
2.8099573375578237,2.401920290610125,-4.0296193189142855,4.068646806943063,-2.245165402020408,4.7792890884740045,hand_wash
3.6035128661381575,5.535947543921087,-4.427998077743422,6.891955268306795,1.5511634340592098,5.1063994143652485,hand_wash
2.497847664559999,3.416990350994293,-2.0293328039033334,7.458881558677677,4.1994877423866654,5.942342937904438,hand_wash
2.7366069410538456,4.253864322983928,-2.2053899543384614,4.420947155741942,3.2526855362692313,3.9836952779122785,hand_wash
4.7886705661879185,3.603640341110116,-4.316892075657717,3.764243538839359,0.34218947009395967,2.833727919590284,hand_wash
4.486833014621619,3.8242842109119115,-4.1715877894763524,3.6502507092277363,-0.89595143664527,2.486338100614478,hand_wash
4.1964298073154405,3.2314452103465503,-4.624073086811408,3.735077413674239,0.20050986681879202,1.8929119214082066,hand_wash
4.552685921450331,2.86314933907125,-3.7287196966423837,3.339295176708795,2.2765494561880786,2.7906919081926906,hand_wash
3.868350024898648,3.909305883106248,-4.305961832745272,3.864015103274256,-0.5289615248148652,2.8895683013551023,hand_wash
3.9868213612715224,3.192297216169963,-5.278590535741719,4.663065856325071,-0.6013599062913904,2.4129054649051493,hand_wash
3.2375642704304637,2.84751902905785,-3.8266242498543046,4.244423012837744,3.516304286986755,3.8943816949222563,hand_wash
3.7046009195945944,4.079389631163062,-4.758470158410136,4.46292185053324,0.44769636098851356,3.4902148170056444,hand_wash
2.892300777453333,3.8029350346258326,-1.7954094735033346,6.137879282183525,5.2735039165333335,5.2185653080172605,hand_wash
0.613971850794079,2.8795804781962246,2.291952445857894,3.409354846336796,5.885655312546053,4.792926015561231,hand_wash
0.15357435042758613,4.949932057891223,-1.2704437163862072,6.360427909919569,3.7943087205793127,4.6943762748023365,hand_wash
3.3519484435646683,2.786123543853657,-5.246491057340002,4.314308307210977,-1.0350701498366655,2.9948421515021466,hand_wash
3.7716660598918934,2.7300304616425657,-4.4804682658337835,4.351577006554104,0.7063153376486486,4.223325385898299,hand_wash
2.7984071149054075,3.411226951053583,-4.489735367364863,3.8566339245875962,-2.411440039250001,4.0459759185892885,hand_wash
3.884201430858109,3.2713457168912137,-4.555655475797297,4.605702281102098,-1.1737536278175682,3.6730519606969927,hand_wash
4.018842527100672,3.036441525093312,-4.045216978120807,4.223427740100929,1.813786097463087,3.8201259896978774,hand_wash
3.7316155687919466,3.49533021922411,-4.537544332758387,4.401717674466102,-1.7839180160738253,3.1008743148037583,hand_wash
2.1884175790860936,8.752120201713645,-2.1176805730245034,4.328238118610008,4.717641349615894,5.359243801904354,hand_wash
4.047096627297296,6.885359806064619,-4.6109418357162175,10.159556001920572,-0.175506702202703,5.300777413731137,hand_wash
2.983634482506757,3.864133565889499,-0.20920947492567574,8.115645402486173,4.133752423030405,5.941121096149286,hand_wash
1.7932985479527563,3.0448715513489226,-3.806393137299212,3.4952041773017317,4.382915043897634,3.852774484483359,hand_wash
2.681975801551022,3.139426924412868,-4.051983881687077,4.201244108308932,-3.8433080250476204,3.9336478866108937,hand_wash
3.1691621140302018,2.640664704204571,-3.9030972266375823,4.455324211857099,1.9666112553624164,4.531221285259682,hand_wash
3.1989172105167807,4.117803952471742,-4.784336350751676,4.2894727552606815,-2.2288707485704693,3.2136258177861072,hand_wash
4.131624696556294,3.2179786485606248,-4.65762801784768,4.018726934194786,-0.8924403221589409,3.1749731588177452,hand_wash
3.4206297142123296,3.5936327897210405,-4.217815889645895,4.192294261195571,-2.3893676050068495,3.8975252535259,hand_wash
4.691124116556292,3.011906379034199,-4.330412156284768,3.368230654771887,0.2493396502052984,3.5009521063101876,hand_wash
2.967562228163265,3.775409066860215,-4.053305157646256,3.942888036793509,1.4044067773265303,3.9139932696204975,hand_wash
3.786195656979865,2.525631454003061,-4.285757939684564,3.8226006766201714,-2.825660106436241,2.8326395300884206,hand_wash
2.8428026762275844,3.461223336673131,-4.63035762064138,3.8829330905233053,-0.9553362407862068,4.349379598001844,hand_wash
4.219117465750003,2.7650957322912295,-3.7076101784006577,3.8304323901050177,0.4217135572697364,4.240568814311389,hand_wash
3.5471491457361095,3.502802855522129,-4.892131781552775,4.006123622853778,1.702340249482638,2.691616741273946,hand_wash
4.091691808362417,2.9935988194078855,-4.831333772510067,4.260968266653103,0.06303113662416093,2.3966506989520093,hand_wash
3.328596865310345,3.7261306238198237,-4.3804471371689635,4.420628946627568,-1.4787224312620688,4.448736394035112,hand_wash
1.974756371167765,1.9497483280543997,-1.782682298483552,2.2270031557814542,5.693497556064471,4.259221242112196,hand_wash
3.711444449541985,4.171800613235733,-4.249215482954198,4.791681063338045,3.231503920957249,9.486605959212676,hand_wash
4.515486519205297,5.095201182009945,-4.642173736225165,6.345137859328726,0.2359589296913908,4.896133592863578,hand_wash
4.571967214802631,5.338991340588627,-2.576529693467106,6.568725191773559,2.55259687755921,9.751080063305661,hand_wash
4.77528939963576,5.196583040188189,-3.8546786070403978,6.87693446957931,1.3501654011456956,7.796666362418131,hand_wash
4.030558094082235,5.612146026664562,-4.060822114184209,5.97165217348619,0.6480056810526321,10.74264385519157,hand_wash
4.974040054635761,4.68345897218555,-2.312478502052981,7.0333678895614495,2.5795689529271524,7.455679283411168,hand_wash
3.6848455720394706,5.481891475300999,-2.9046876954605283,6.438068043170648,2.818260138802631,10.718984632806475,hand_wash
4.838749097112678,5.250717359811149,-4.3702444635,5.283183203241694,0.7186765797394364,4.62389263647943,hand_wash
4.231366634115646,4.762573086266059,-3.3721058849843537,4.348357430601885,0.40683062437415024,4.916305183468715,hand_wash
5.302668510244898,4.308648857468392,-4.234377903446938,4.917711191983475,0.266937389302721,4.117747630514239,hand_wash
4.259356033401362,4.839336706151019,-3.9570969768027213,5.032432256837152,0.49190213578435343,3.8877942571599684,hand_wash
4.272549433933333,4.554846523258345,-3.849855057406665,4.2127096201826895,1.6417746958153328,6.1810067694044655,hand_wash
4.381833691195946,3.859807180991043,-4.63016231841892,5.2998494808384775,1.293412352013514,5.257498512461012,hand_wash
3.849915122848683,4.304687726341505,-4.144514073427631,5.049492016311437,0.3335458433848684,10.196016197991334,hand_wash
4.255332963097224,3.902722069271048,-3.9420680731458333,4.295697097003531,1.2907917756270837,4.198525760146283,hand_wash
4.748958382664472,3.6599870055845147,-3.572616620394738,3.3363848244078524,2.8665040700881588,7.658295861041275,hand_wash
4.162910403175677,5.043984424974558,-3.875014405025,3.701284574287982,2.1824532239256764,3.750351785339358,hand_wash
4.388537707897261,3.3925918993860495,-4.586724329287673,4.251332649234253,0.2716709985684933,4.191298494703791,hand_wash
3.21858612419178,3.062374087676939,-4.293833825856164,3.1203479490965345,-2.588897337715753,4.118702905449468,hand_wash
3.851143318394737,3.4780521202007044,-2.3893039074651314,3.5174489598166407,3.0791934330230255,4.677157286827205,hand_wash
3.996137997285717,3.6566749366392615,-3.86072150807483,4.590791028890796,-0.7683924460952382,4.236896655374646,hand_wash
3.1676005154615394,3.9753155399475433,-3.364929871152306,3.893975254541382,3.2074183362076916,3.8801852530743792,hand_wash
4.3434926592251655,3.673171931660751,-4.374732254764901,3.4527727195008544,0.24307331435761612,2.4342581905568204,hand_wash
4.599434890410958,3.3259175044614433,-4.566330309856165,4.073280778537747,-0.5592967920102734,2.6604145218035202,hand_wash
4.439915425015538,3.3959039660210886,-3.737204981883106,3.606089205238956,2.3239380724932435,3.35893617505014,hand_wash
4.2249637629425685,4.2176242801900345,-3.8056522732567584,4.097267460051106,0.19623038964189202,2.75867136742177,hand_wash
4.924008388781207,3.8182761763686397,-4.112414687476511,3.6741465954689847,0.16385039269999999,2.078777153325081,hand_wash
4.606046634972972,3.699102967149812,-4.201122075833783,3.6706571560633736,-1.5736955372837833,2.490775542992395,hand_wash
4.453375592027027,3.5989412581499467,-4.352636537567568,3.6570275836214083,0.665278698260135,2.8953588179697607,hand_wash
4.531341170550334,4.401331641641268,-3.016954797968456,3.5511940535441515,1.232576543694631,2.8874100548168196,hand_wash
4.649392801292516,3.2537121198925476,-4.183182976823129,3.5679520409287497,-1.2168954597891153,2.393015656765807,hand_wash
4.425357078296052,3.163845638963728,-4.9036870125065795,3.751885349566808,-0.27746391211578963,1.5279055574626628,hand_wash
3.9796392356438375,4.095470689266436,-3.885760318749314,3.2300980957287333,0.20174130181780764,3.76230147705079,hand_wash
4.566999340104029,3.406314208790576,-4.079618691872483,3.888817748156683,-1.8817261246610746,2.7893796253497376,hand_wash
4.340437424099339,3.8007538674724204,-3.7327531423748352,3.7877618602550327,2.0249841580463577,2.331766231444163,hand_wash
3.9276944285439224,2.9760079304220097,-4.734369972242568,4.048475391633084,-1.5621051287432444,3.1272563703022898,hand_wash
2.6267884739802643,3.094468204313661,-5.66719156625,4.29420356036455,-0.9855612283585519,1.900188561954319,hand_wash
3.2436990532197267,3.123133424388205,-3.385314011945579,4.097425555763495,-3.834322886605439,4.18776502837641,hand_wash
3.123737374033113,2.5762068814816237,-5.207407106854305,4.084906123059551,-1.062917519435761,2.768359915548784,hand_wash
2.20347340318212,2.794474456250614,-5.356427096298012,4.254720267660676,-2.2582143860264896,3.964515722923917,hand_wash
2.7918814570197363,2.3265253754519057,-5.568581300263158,3.8011267997691847,-2.857716404105264,2.766437978079424,hand_wash
1.5621135913287667,2.119187954128948,-5.795307773315066,4.952431047855296,-0.8451731448767118,2.9480727595974665,hand_wash
1.3422431146952054,2.7781938138768374,-5.0201001332465784,4.7843930108381,-2.5475963665342474,4.21907571036072,hand_wash
1.2537541110067567,3.250817946028229,-5.739442497187836,5.3397812661928485,0.6714648451554058,3.3210713445858193,hand_wash
0.37702627346148654,2.1851793188402286,-4.257665562902024,3.7966177210590115,-3.5040057396013524,5.076315300857554,hand_wash
0.6456473980872485,4.436189455813665,-5.68016007925973,5.088181874698854,-0.7153040625906041,4.462605479067658,hand_wash
0.8759919346369867,2.4640009742754048,-5.308502149784243,4.599143451863472,-3.077800721616437,3.489046399512097,hand_wash
1.0628631323409394,2.538151307596266,-4.928824432124166,4.509304071860965,-1.8980764094630864,5.07742919877223,hand_wash
1.02159077033557,7.031240136506876,-6.139862717718122,10.581982761749211,-2.395519486087248,6.942242958783024,hand_wash
