mean_x,std_x,median_x,root_mean_square_x,mean_y,std_y,median_y,root_mean_square_y,mean_z,std_z,median_z,root_mean_square_z,Activity
-4.554745495,6.421332149344635,-3.2596068999999996,7.852517575697844,-2.6350321551846143,11.173577336778258,-2.0367856499999997,11.438175087861849,-2.093382121307691,9.438988469553205,-1.1127704999999999,9.632829786769516,left
-6.453153933255816,12.031672864159717,-3.5824842,13.611839263093012,-8.376690068912401,17.405222058374,-2.3590941,19.25518905944616,-2.584120656934109,8.292518144223356,-2.186653,8.655083366531887,up
0.406109849256757,3.9610626063420873,0.17789916,3.968491974647301,-2.692552926790541,8.164685686341977,-0.6257524,8.57096926125481,3.474026649984457,4.2612901151224625,4.01285505,5.48678060533573,up
-7.101730827286823,10.771965077503259,-3.5846148,12.867412888944148,-3.078375040891473,14.002716086802945,0.12250541,14.283993883351549,3.386761021420154,6.488169664871097,3.7252297,7.296586020591967,right
-4.899291097328243,7.209508269122559,-5.6182046,8.69386517460181,-5.3671298966946575,11.3426682703053,-1.9451729,12.50920057418866,-0.27172304520610646,4.713221775208096,-1.0737865,4.7030539959537725,up
-4.9028358929054106,13.425196344703123,-1.13983295,14.249767948020908,-8.941303259189185,16.868724798791412,-1.87060435,19.04148415916007,-2.240271299932432,6.800227302319205,-0.512595425,7.1378885912072665,up
-7.171932628323078,10.666852501924097,-3.7384733499999996,12.81963789471013,-1.250757792792308,14.271455525680732,-0.0958737975,14.271373843974223,3.571673231461539,6.663736665666347,5.06852825,7.537947739716029,right
-6.0025445170346154,6.499932094633324,-4.975054200000001,8.829193887571384,-4.5514768180153835,16.31988748537465,-1.83742695,16.882118034110544,-3.1887329756923073,11.06540200277046,-2.0675006,11.474723060184541,left
-5.53180943550388,6.29522935766763,-6.258186,8.362034421781283,-4.296729213178294,13.383765031780618,-4.042793,14.007086819738682,-0.3980116812193797,10.685304267366934,-1.4849122,10.651246754598244,left
-7.150604400384617,9.410068340407614,-5.71032535,11.789799842980718,-2.1172762561461544,13.610159914775258,0.109340515,13.72204124243229,3.870703716384614,5.94108606107252,4.8972162,7.07158675822229,right
-0.9617007260333335,2.595839983924423,-0.50972905,2.7601324135711645,0.16915284675666667,1.3659407107339612,0.18002969000000002,1.3718484187297622,6.726011336000002,6.105325677281577,5.512736,9.070045761011153,right
-4.284730213776923,10.178535562659984,-2.8003766,11.007477287481226,-10.869343569325386,13.99942547698188,-4.28409135,17.681034323443647,-1.693774568676923,4.870510642718202,-0.8011340499999999,5.138897766748313,up
-0.9048099959251706,10.350907246352818,-0.5123922,10.355245516202476,-1.3200006610204083,9.53550101972157,0.46658581,9.59425029500364,0.41738710816326474,8.298579951190318,1.4935007,8.280831002629617,up
-4.018123614307692,10.532493078798533,-1.4627732,11.23500751705221,-3.2753092496692293,13.887708168191292,-1.30814475,14.216627078013868,3.8664936991023082,6.656598734132885,3.8775625500000004,7.675886380042672,right
-2.7654484674108533,6.611297184135317,-1.7950672,7.142697269517272,-7.537310859209304,12.172364619655605,-1.5137408,14.276867240733612,-0.3522376936434106,4.447385965194707,-0.8562195,4.444095617722854,up
-2.115632454614866,13.15573780663589,1.0940805,13.280810321795231,-6.57953213108108,14.636683846382564,-1.4201772,16.00235108027162,-0.7464663357601363,7.433478724091895,1.08669345,7.445835244376493,up
-2.1870127837692306,5.086222311957252,-1.4481755,5.518485748677374,-1.0530495673846163,11.252101630522645,-0.63197523,11.2580985528175,-2.9321763042307714,7.612903008950142,-2.70685805,8.130690774484334,left
-7.303737809100002,11.954798040851086,-2.1303699,13.970054371187695,-2.1971616159923073,13.063060752738432,-0.6226470850000001,13.196909966211647,2.8752338798461534,6.911034375385493,4.64474375,7.460694535655617,right
-3.112617531053031,7.325917529947106,-1.7166302500000001,7.934158537887262,-5.519273127484848,9.164013653252388,-1.7154327,10.66795746333205,2.8892037358583322,7.987560506193549,3.0979577999999997,8.465534786869814,left
-3.7252426770303018,6.964684552696082,-1.57891665,7.875073836449027,-0.29764849356060624,11.75988460374871,0.42780753000000005,11.719035454750898,4.733832721439394,7.164343751834929,5.18641495,8.56435324453927,right
-7.894529455023076,9.537290477202438,-7.66166755,12.35248207244591,-3.789992329282307,16.259474395423414,-1.3220256,16.634329868741297,-3.611394100615384,10.986725502086692,-3.5643879,11.524833208138258,left
-6.497879433153851,9.597224138077165,-4.5110193,11.559439221759527,-1.8407273720846153,11.198435812366485,0.080063995,11.30613056389548,4.964823958846149,6.733711188043842,7.357500099999999,8.345271237449182,right
-2.73929250803101,7.550647046463755,-1.729204,8.004626079778655,-2.0873451676279053,9.396006354597475,-0.9316626,9.589450762173419,5.260929209457362,6.0286607616940415,5.318141,7.983757541030171,right
-1.8295815495692302,7.837683131725906,-2.1090706499999996,8.018984513068924,-7.172320267674616,10.547919902464441,-1.5914905,12.721829931127289,1.573021360115386,4.737343975473071,0.529898035,4.974353232354769,up
-3.287851464189192,12.290509478213808,0.12889699999999998,12.682505179377802,-6.106856360168918,15.381628255327678,-0.74695115,16.50119907718457,-1.8897700153243258,9.013943788937915,0.36698359,9.180055493498976,up
-4.290653356384616,8.498979248009089,-2.6608666999999997,9.491402358287855,-4.352910753792311,13.72032402708773,-3.15603695,14.343886061699099,-1.5569503519999992,8.874733727505935,0.45625122500000004,8.976588442472938,left
-7.833865073224808,10.355261555747187,-4.9109874,12.952591724667451,-1.891360884728682,13.621674660705716,0.00958738,13.699959646144013,3.262759076862791,5.859273646640109,4.467909,6.686594947903832,right
-3.589782076492308,8.06112825789109,-2.3276706000000003,8.79593452869592,-4.323779641915384,12.014494984703676,-2.7078426,12.725281537484907,-1.6510256963076928,8.674715341266676,-1.0215886,8.79759743732162,left
-5.133957491320767,8.104652319529292,-3.0063483,9.567530324925421,-1.0524994930461535,10.192762492075827,-0.020772655,10.20788861809828,3.8677481247961563,5.800415013980662,4.6954801,6.953091659626357,right
-3.6022885425192297,8.172063562087676,-3.5146911000000003,8.901988155620431,-7.025678550230768,10.552966340603954,-3.0620324500000002,12.643915654281532,0.14998277733076842,6.168120017636891,-0.39218445,6.146180937759997,up
-4.269266601836734,12.295013296059006,-0.98674804,12.975578597304679,-6.422649554183669,15.607240263657163,-0.87564737,16.82793298874422,-1.2704623042380945,8.384536306352901,0.36218992,8.451999123971062,up
-4.51114524023256,11.840872935452431,-1.9984361,12.628136557996267,-11.29528191589147,14.61389450039063,-5.286907,18.42535634170894,-2.52108324503876,6.498278329878138,-2.4201672,6.946663665371766,up
-0.7020895419594598,9.939025398275072,0.34973085000000004,9.930241417352057,0.05356128297297355,7.984266974183836,0.9475527,7.957427642700411,2.2994752553101345,8.458021555869461,2.30523215,8.737410906858223,up
-2.052764757346154,7.513761426617679,-2.491325,7.761196576802787,-6.588544309923075,9.443484502885891,-1.8877338,11.48487354300707,2.8355646358384594,5.916967788249422,0.8915460150000001,6.5407662404860645,up
-3.892051037027031,13.009082093757714,-0.18642127,13.536646196335866,-5.374068484574327,15.085320090287544,-0.407996275,15.965897413995567,-1.306269312227028,7.299309299710013,0.777643065,7.390957741372792,up
-4.454852330728684,11.611416544283129,-2.6069787,12.394577381255269,-3.6004307100542636,16.90359971749076,0.15233281,17.21858909484346,-0.08515055480620133,10.046947435410187,2.0776794,10.008292253452803,up
-5.634471082142856,6.841822925616727,-4.6547203,8.843406943396946,-3.1077821069022566,16.087111853124757,-1.0567423,16.325061992831568,-2.847006014766916,11.366352862429551,0.38562572,11.67595980434621,left
-4.850401227618322,7.450474972738331,-2.2935143,8.866353938166226,-3.236132031793894,12.490456150320714,-1.067395,12.856637115853305,-5.244775419053434,7.966486508758863,-5.980364,9.51252393160547,left
-4.394089528167941,6.343543705915688,-3.3182995,7.696842845234866,-2.5994329587152656,13.083749205121556,-0.52624065,13.290402293098893,-4.256736067286261,7.627158879444857,-4.999286,8.709149303946457,left
-1.3324881222692317,7.224304477171114,-1.8101236,7.318786361955703,-7.383293581153849,10.593372165495163,-2.2711455000000003,12.879026778403565,1.3174463752992303,3.6677852191081195,0.73195958,3.8839195993768914,up
-2.8345208157483004,13.47248923762531,-0.14061491,13.72252624129604,-7.322584177721085,16.30755442064244,-1.8194716,17.82547277167458,-2.1142806374693865,7.683211430924241,-0.05326322,7.9435724997016335,up
-5.908206142076921,7.810415618533633,-3.7709581500000002,9.769352140381915,-1.9588891744253853,9.656325596578696,-0.62031008,9.816547483008044,4.765139730615385,5.503736656089524,5.43789185,7.263929049638608,right
-6.404732509775195,7.648901690782853,-3.2288165,9.953530180873766,-3.6705871573643387,15.840825918262185,-1.1249193,16.20061012326033,-4.91344551676744,10.952500229017367,-3.2692966,11.96533772455833,left
-5.48329463372093,7.280894084194728,-4.189685,9.092139323365611,-1.3569367644937997,9.977192216694174,-0.25992453,10.030652031207339,3.9930930336666672,6.289269320615404,4.191284,7.429204086872347,right
-6.260487546015621,6.854001942925219,-6.671327,9.263046823703002,-3.977335349140627,15.69380659192001,-1.19750975,16.130423978304503,-2.128440763914061,8.986760943021507,-0.66401915,9.20115102612592,left
-1.4027277823154365,2.912574582345147,-1.2011023,3.2239420643657652,-2.4757063231778536,3.217066804258588,-1.5364051,4.050824701688838,5.5478670136174495,5.307628274927128,4.949308,7.665551496302859,left
-3.2947758586499996,6.724685604316324,-1.5076648000000001,7.465191728258954,-3.2648860043076917,14.60423243885822,-1.6339761,14.90981028158817,-0.4437358891900001,9.91918838892458,0.77079385,9.890922676166692,left
-7.909018398341086,10.483822631621267,-5.5073476,13.100041577420585,-2.5986162123565895,15.141175847647451,0.058589544,15.30460192649869,2.7635033999224805,6.908097439717533,4.923652,7.415445014599785,right
-7.204622983333335,7.596339974378214,-7.7739802000000005,10.448627610205474,-1.1836341875757581,10.585086401980245,-2.07693225,10.611136858764727,-0.8293629435606054,12.582447087558322,1.3523893500000002,12.562103287549402,left
-5.371670082713176,5.417320555162731,-4.0020776,7.614112065414597,-2.255665924651161,13.371565604491725,-1.4370418,13.509284160442318,-3.7807152653720943,9.640431527980562,-3.8931043,10.32043017373292,left
-2.737003959804027,7.020683496920292,-2.2189457,7.5133469301306,-7.563674996174495,9.723932216287068,-4.6894484,12.293471472044944,0.0483192963825508,5.6623944501528145,0.06391586,5.643567992349206,left
-4.987460632984849,6.657180123397963,-3.24345515,8.298015906176335,-2.15844044209091,13.981721055248803,-0.40266995,14.094907418805521,-4.095949480984847,12.059954889393309,-2.97368565,12.693205933622876,left
-2.6061529026666674,8.925616271679065,-2.5992453,9.265046575084092,-7.213692793744186,11.32537597321708,-3.0249097,13.390564177475081,-0.6545801782170546,5.033450015377313,-1.7150757,5.056450743286789,up
-4.904214410653061,11.496919479363756,-1.4977618,12.463197766157462,-6.8705174380340095,16.806869011668297,-0.61146176,18.10395772920719,-2.159939564054421,6.492379487779591,-0.82747924,6.8212600665509555,up
0.1589064056351356,4.372956414160187,-0.7119877,4.361053919695355,-3.734732335931082,7.0792472808646405,-1.04342655,7.98281578178216,4.2657279989864865,5.194253152911868,3.5155060000000002,6.707786675537406,up
-6.7340737702307685,8.308084275161022,-4.3601332,10.669632514134626,-1.5837887003923081,10.450811188986433,-0.262587695,10.53032247869333,3.8789401579538456,5.374043551977356,4.6789977,6.610927647045505,right
-6.237336078,6.259982656560837,-6.89784185,8.819881110522072,-3.717276169030771,14.860938988711249,-1.9614905,15.263250727197734,-3.187809013076922,9.059769118017575,-2.5580037,9.571319796607646,left
-6.171552024379848,6.914704624580381,-5.4271145,9.248272808386758,-2.4938004079999985,12.571755074964427,-1.5243934,12.768824530643782,-3.4983878172170555,8.405779366814524,-4.324208,9.074586184415443,left
-7.790517650076923,12.11824001259766,-3.3236884499999997,14.367124885729142,-2.0948489319461543,15.071664049783728,-0.499076375,15.159027102131118,2.774175087384613,7.602211832520537,4.90543315,8.06505460724084,right
-7.240569071155041,7.1003321386172145,-6.556366,10.121746153564551,-3.3238396274108517,15.043320379679,-1.6628778,15.34910820905511,-1.82614582751938,10.770101064656671,0.05149292,10.88258695730555,left
-7.4476109990307675,8.00541682173677,-6.7485665,10.911490891663838,-3.324954009761537,14.427938087497022,-1.9333676999999998,14.751930190166588,-3.107498068723078,11.276267676739932,-2.0902532999999996,11.654726407600108,left
-6.131767686990003,8.130704419831492,-4.169729,10.158661502732155,-2.4751523771153843,7.693197157503501,-0.289642395,8.053346533602118,4.08623516207692,5.6002603196321665,4.502038,6.9151269149706,right
-3.8763076713999993,5.969614460381375,-5.0250771,7.098445788262796,-5.615866498480767,9.691758910307232,-2.69835785,11.16895730922255,0.9889712660784614,4.795356244852351,-0.6741980000000001,4.878177699563548,up
-2.653427707543625,14.35468525458604,-0.54328483,14.550420425091922,-7.371334070879187,16.876174393452015,-0.96619487,18.363833571186557,-2.158485689691274,7.062987418918297,-0.031135254,7.362747298670475,up
-6.779427750153845,7.077003001007453,-7.77004215,9.780559839639869,-2.9347107877438465,14.836740021820479,-1.4040185,15.068114779301757,-0.652644313153846,10.441103924991733,1.24260095,10.421324586997864,left
-6.44109822635606,9.169519638525802,-3.1865735,11.17724771046296,-0.9682236570530286,10.040917146003084,-0.7339671999999999,10.049561491646951,4.258063658939396,6.185481576538417,5.0163685000000005,7.490089358019181,right
-3.712238640607692,8.220043409475414,-1.0984150000000001,8.990554319159669,-1.7308128809692307,10.601974069404712,-0.24032057,10.702006248821302,5.641597752153845,6.701597969660234,7.2904393,8.740341418864356,right
-0.12177363768211925,2.337640182359038,-0.2247708,2.3330669281437624,-0.6409084216225167,1.058723749382806,-0.45864624,1.2345997044568455,6.474673473450326,4.978919635598548,6.9431615,8.157626340997727,right
-0.0018093565340909102,0.10011255419096059,0.008984974,0.09974903041795374,0.8803087874545452,0.5755947634723046,1.19152225,1.050591725565458,6.942240656806817,4.574623052495699,9.8908315,8.304417029314987,nothing
-2.2912991175102033,1.6501253998952605,-2.7219398,2.8203620792218516,-3.387935041629253,4.609099960583247,-0.5251754,5.707660696821906,4.5966811293734695,3.4041866378771015,3.7901185,5.713066674564255,nothing
-2.828282939973333,3.929110811484042,-2.5698559000000003,4.830546216078694,-6.272343566890001,6.186095032478152,-4.948709,8.795166120865382,1.8067053912266666,2.586082182547499,2.01002015,3.1476054314157413,nothing
-0.016845806870834146,8.197628235962899,-0.81759045,8.169132029189358,-7.40017429215278,13.005555434872376,-2.07406985,14.924223173542769,-2.063645735986111,3.181453881363395,-1.9377756499999998,3.7828551776566006,nothing
-3.1161482076866203,8.662904527681421,-1.4930086999999999,9.177570601736225,-8.346914899014083,14.422657136154633,-2.115216,16.619841956019123,-2.535126617014083,3.008656547169693,-2.6193261999999997,3.926211227648674,nothing
-2.2478639460273957,7.1139705512910645,-1.9707392000000001,7.4373943848241275,-7.208843622397262,14.13654515500397,-1.9504991999999999,15.82531374392196,-2.2937147656068495,3.862367858150862,-1.4028827000000001,4.480718201347698,nothing
0.4855200479551725,6.703457877106641,-0.3174488,6.697922915517313,-6.115657036386205,14.78270326680348,-4.0820932,15.950626477585324,-0.6129314325655177,7.957229629497661,1.3539511,7.953396499641055,nothing
-1.601116389054055,9.05485884643689,-1.0508833499999999,9.165154268566365,-8.686752262027023,15.27028066702405,-2.73930365,17.52328696413434,-3.7360831576351368,4.068233384325691,-3.400329,5.513348562614349,nothing
-2.2217012877959195,7.063425943433394,-2.0921793,7.381635415330318,-5.416249213605438,12.822478197516554,-0.8245147,13.879237257100305,-2.5022360076802723,3.8706731930845604,-1.8657203,4.597975302626813,nothing
-0.69065204969863,8.02450481795223,-0.5028048,8.026744800371302,-8.152203585089042,13.795633925505205,-3.2124740999999997,15.983565946765022,-2.3582145041986298,3.2790124476260205,-2.6562835,4.029820712364596,nothing
-0.7879649794965985,8.163973241758786,-0.61785334,8.174224331240637,-8.443083507346937,14.201308964298379,-3.4284704,16.480014618659375,-2.550798257374151,2.515205467468115,-2.5315356,3.576282220546803,nothing
-2.796638035754166,7.61208717910867,-1.861017,8.084718147887276,-5.360460557634025,13.005661166712544,-1.1916110500000001,14.025231772933797,-1.447580030152777,2.8937086708501334,-1.1741583000000002,3.2265907958033955,nothing
-0.2839191840136066,7.382897814986042,-0.36112463,7.36321893642466,-8.029275508435372,14.126892277893685,-3.0285022,16.207428475717844,-2.302613277510203,2.7357684374809863,-2.5423133,3.568689166441157,nothing
-0.03300376874482726,7.442555521885369,-0.17896442,7.416920566186682,-8.403560424255167,14.170406861600707,-2.9433255,16.432754725589536,-2.6513907175448264,2.9791061953994764,-2.1136048,3.9804194572382685,nothing
-1.59140163287755,6.226165273576375,-1.6564862,6.405777452921809,-5.655584922993198,12.405868055496317,-1.1723621,13.59574295203818,-1.4383592743551017,2.1964159606685296,-1.3901701,2.6192179165390685,nothing
-0.1034601729310339,7.163739593151265,-0.51665324,7.139743951311574,-8.876694579765518,13.278276309298613,-3.4354777,15.9340007309222,-2.1024623074000006,2.8969025505877672,-1.9088305,3.571346521054668,nothing
0.11487967304053943,8.376129194164598,-0.2876214,8.348573930246681,-8.86169202314189,14.971763095965805,-2.8937907999999997,17.35421342942163,-2.638422961829055,2.7897977675650485,-2.9440777000000002,3.832970083835835,nothing
-1.608825256076389,8.054864490151113,-1.5781892499999999,8.186488823471477,-6.281285001291667,12.720669586223208,-1.2724584,14.147305669018259,-2.228545240659722,2.9942313430980216,-2.0793901,3.72418787862117,nothing
-1.041752033598639,7.4641251381274945,-0.8149273,7.511285526523366,-9.09941193676871,13.885601317016265,-3.7386255,16.56193193424365,-2.746773082482992,3.7496437314129936,-2.7327173,4.637773753642694,nothing
0.9593576628724134,8.825168270581864,0.024501082,8.84685446291446,-7.778614708510347,14.060764998320455,-1.9483484,16.026492928525617,-2.913239916117242,3.043564698185014,-2.7482848,4.205516395089376,nothing
-1.6546743702653044,7.545395368337321,-0.9097358,7.699586954885064,-6.222724483401362,13.028343928100266,-1.0813513,14.398102894628627,-2.295329139986395,3.278591385834949,-1.890868,3.993065713044424,nothing
-1.932814535581081,8.098666156507742,-1.32359105,8.29945785714182,-9.524392989614862,14.27314788674301,-3.59473495,17.119004274368912,-2.0168663011486494,3.1825343613387687,-2.42675355,3.758701725109894,nothing
1.3392227501388887,9.2184435438241,0.3206446,9.283484374419324,-7.109064237743052,13.68118170345224,-1.9642088,15.375750472932376,-2.638669576302082,3.1086428024496424,-2.3584954500000004,4.069290903292082,nothing
-2.079698277944056,7.201134290376704,-1.0279802,7.4712012609459375,-7.14473438265035,14.061255002916274,-1.6223978,15.728428785465537,-2.181088545377623,3.248023660213047,-1.3208532,3.902951589506353,nothing
-2.2155639381342285,7.462514657250065,-1.228645,7.7604185490725595,-8.35737689230872,13.7595568271972,-3.1084416,16.059281188929972,-2.322917140268456,3.6429850102727173,-1.8788928,4.310245286650635,nothing
0.8773185615211267,8.090892271297042,-0.118244355,8.109945857845288,-6.373197861014082,12.223658451720237,-2.34411435,13.747117469094041,-1.9673271606126768,2.646946182159751,-1.6465759,3.290495393954026,nothing
-2.4418604115103446,8.203520773542017,-1.2378373,8.532075533900827,-8.236572410648272,14.808632350643398,-1.8884729,16.9004240709695,-2.2972096828379303,3.0881573697922966,-2.083667,3.8403278262101592,nothing
-2.962339482061644,8.950296045894294,-2.0799287499999997,9.398647294117396,-7.405278264753423,15.305832259202473,-3.15513315,16.95588595592381,-2.651637124075342,4.3806600105795575,-1.6214282,5.107829476641426,nothing
0.2199515080069931,8.756213103912911,-0.3568636,8.72831506502117,-6.3713652026573415,12.69929054360344,-1.5371766,14.16822143991259,-2.21480404893007,2.98712432770498,-2.0022364,3.7102386365386315,nothing
-1.223999710541095,7.990503479918791,-0.42610576499999997,8.056612506906795,-8.814377740684934,14.500604009986159,-3.1691616,16.926918890916703,-2.549736934246574,3.266847593812174,-2.13516,4.135257396634359,nothing
-2.1386945702141893,7.6066758606350735,-2.04477505,7.87683793873547,-5.939881807968243,13.130323682849179,-1.6096145499999999,14.370897486154442,-2.264898207499999,3.3533167939136668,-2.0698955999999997,4.037142489619192,nothing
-0.20213966199305552,8.038009917450335,-0.3057309,8.012601704462936,-8.095409727388882,14.083705471764146,-2.7936560000000004,16.202128953864385,-2.5271361928958327,3.295569317901696,-1.8654221,4.143883734269412,nothing
-0.47734482036301384,8.031516235948294,-0.12889699999999998,8.018185226354387,-8.569624707191783,14.645154963672363,-2.4756745000000002,16.92483342824389,-2.5393180280534238,2.930433909854351,-2.3064039000000003,3.8699820213492506,nothing
-1.9241947811111109,7.067560300025699,-1.4082796000000002,7.301099664618529,-5.898472427944444,12.690575464461197,-1.83002575,13.954364010032647,-1.3966787525972226,2.5002978001215395,-1.4492699500000001,2.8563591350832445,nothing
-1.039079363605441,6.964257350127067,-0.5070659,7.017879195348186,-9.122327969340134,14.111032982659944,-3.6229644,16.76256403653361,-1.8890706827551038,2.345395261882106,-2.0645068,3.0053362596840114,nothing
0.34066825379729754,8.63077436922063,-0.064981133,8.608310430159792,-7.568915850878378,14.56824333338864,-2.2188854,16.37339883465342,-2.350232087087837,2.7382230845186126,-2.2261707,3.601499030862626,nothing
-1.9052198417013892,7.7430557357865135,-1.3518206,7.947856391271054,-6.35863674493056,13.520684249173886,-1.62133245,14.898713285113635,-2.5213955714583345,3.3621967293144177,-2.33207845,4.193244558433998,nothing
-1.389636312925676,6.98429954568166,-0.998152795,7.098023080933974,-8.70635060770271,13.895657274825897,-3.365703,16.358030891014167,-2.5803908737797285,3.467864600843967,-2.42992915,4.313147878398794,nothing
0.9387627539965988,8.140935890623407,0.0010652645,8.167329027965446,-5.798812467814284,12.285543900025251,-1.4310242,13.547473899045142,-2.3651251199755103,3.0372746077526482,-1.9555335,3.841366751822175,nothing
-1.3039454760479456,7.07680752129416,-1.1470240999999999,7.172060829914676,-8.416647252627401,14.326507662275121,-2.26407065,16.573562046960873,-2.5018943006417786,3.5197714694526754,-1.43042545,4.308527771122017,nothing
0.04993625247619052,5.057293895846979,-0.2609898,5.040310236145072,-3.970509352807483,9.432452717201038,-0.35579833,10.20445308517686,3.355230622439456,6.955594115559092,0.46232477,7.701217073586923,nothing
0.487945644374149,5.761836215752875,-0.2727077,5.762899066229411,-1.7223492793197284,7.4253209189030285,-0.07544312,7.597815942973795,2.563855270158505,7.094002127476723,-0.05752428,7.5203639541246154,nothing
0.9551435848931502,6.564668495994939,0.35047201,6.611505227309446,-5.35906157136986,10.570484418269958,-1.2846716,11.819025872668478,-5.8961722243150705,8.082471657396427,-2.53692445,9.982171820352558,nothing
-2.0600232772777773,8.488422318379993,-2.53528395,8.706126528242638,-6.891669293916665,12.617684071569318,-3.0608573,14.338600353675124,-2.893324389652776,4.408456681852426,-2.87625735,5.2603093636425,nothing
-0.41752135559310355,8.739245091909254,-0.49321744,8.719060088443895,-7.750388907517241,14.433726488121913,-2.6045716,16.339039536128457,-2.8000229027703454,3.685837224050178,-2.0996363,4.618639617001363,nothing
-0.646576778722972,8.668906299849649,-0.843156825,8.663730612477272,-8.114438995851348,14.41472492249031,-2.96971425,16.49922625070735,-3.747366543750001,4.734713107902379,-2.3468162,6.025677935076175,nothing
-3.779510841326532,8.95897657126754,-3.2277513,9.695460526689946,-5.389114842040817,13.550011781883681,-1.8098843,14.539476582711519,-2.4643368079455787,4.038013924713779,-1.6621436,4.7188547558083025,nothing
-1.2346033500699287,8.667694170386413,-0.61891866,8.725124101398997,-7.097461227202798,14.026944649042013,-2.3222764,15.676518163672295,-2.638989508762239,3.7353837092094446,-1.6334033,4.56287004157092,nothing
-1.5798515298758622,9.015579314002483,-1.3752564,9.122282876350717,-8.436249155855174,14.009851269630778,-2.4426513,16.312345180736042,-3.448969726917241,4.472919302372414,-2.5555694,5.635993249065929,nothing
-3.2548592185773986,9.179428347959043,-2.1623963,9.709731046422338,-5.7512520002054766,14.062409447605221,-1.79027715,15.148392577290736,-3.2866127238102743,5.2539490655536545,-1.50804325,6.1819685876113395,nothing
0.9449301923239437,8.536458636059645,-0.267914005,8.55867058424045,-8.17884590140845,12.903642041346195,-4.4203145,15.238928275483003,-3.303023811683098,4.736543612247713,-1.89984925,5.760800276204809,nothing
-2.3249021975306126,8.330415187833495,-1.9543359,8.62142140488693,-8.621263852462585,14.649720154057281,-2.4746094,16.95525080255234,-3.4218649454829926,4.845858016748319,-2.3878345,5.918763030789461,nothing
-2.700157321917808,7.202380270376845,-1.5041534,7.668756602205467,-5.688476290852738,13.0064051660754,-1.85302745,14.155093171085692,-2.304317029020549,3.315837475585833,-1.74058045,4.028566548411068,nothing
-0.6155622844895842,6.908408830930508,-0.49641323000000004,6.911844772854521,-7.549836058173606,12.926560845487025,-2.56264655,14.931028466923188,-1.9180999101458331,2.8017288700958423,-1.7515596,3.3873706953611658,nothing
0.0558378344897961,6.683461910453914,-0.57098174,6.660924298903901,-8.254021692993193,13.681679978034085,-2.5971148,15.938753115532446,-2.6593381677210877,3.642635902636073,-1.8501526,4.500067987145626,nothing
-1.4842027647042249,6.303355148326816,-1.1739214,6.4540947576574235,-5.87843409838028,12.408539211860239,-2.1736721,13.691001572238823,-2.208066813690141,3.677307646157115,-1.1993060500000001,4.278191330507232,nothing
-1.3531403786666671,5.895431953094596,-0.9171927,6.0291517331764135,-8.522469246061222,13.220841695921514,-3.388606,15.691847728130531,-1.8255815332653054,2.8369638068222574,-1.3219931,3.365465911690269,nothing
0.59254989462937,6.865637511911592,0.06072007,6.867202094208239,-6.274229390776226,11.796765371796624,-1.5423926,13.325031149876525,-2.1458532802097903,2.924756076526583,-1.5004797,3.619263024454455,nothing
-0.9735713918749995,7.610941918325822,-1.7690890499999998,7.646699367465684,-8.73970179466666,12.72415359201533,-3.47217965,15.40006942100692,-0.3324930187194444,3.128399052066987,-0.829383825,3.1351982054821463,nothing
-2.249864164920549,7.0394554233099464,-1.84184225,7.367252603224107,-6.445841873082192,13.157212459372317,-2.4560872,14.610797955002893,-1.9302393823287678,2.6582864878362495,-1.8004559,3.277790494870466,nothing
-0.572824906069445,7.924173972120108,-0.420779455,7.917360813776242,-7.368661782916669,13.94376927255234,-2.4327410499999997,15.728181035359349,-2.572101371824305,3.584248735223325,-1.69687135,4.401514546516503,nothing
-0.5781938951088441,7.673728246664451,-0.4708469,7.669408558312195,-8.11167117358503,14.221811458710706,-1.6500946,16.3304382232816,-3.2299724644401353,4.496295374436218,-1.6357983,5.523754686227928,nothing
-1.8986523874999992,6.8523677953614435,-1.43065015,7.087253111672419,-6.083025590225349,12.736802726943285,-1.9920445500000001,14.074335025310452,-2.2757892273239437,3.4345052669751794,-2.1195923,4.109984651538321,nothing
-0.4493898747972976,5.9789935724187595,-0.323840395,5.975681751704638,-8.897178013108109,13.156357839508978,-3.2324938000000003,15.845504184136487,-1.8821062907432426,2.309664188853683,-1.7812365,2.9733530747608996,nothing
1.8081672959930555,7.008476106882632,0.06498113,7.214367884187744,-7.13370330709931,12.954293313585756,-2.1665435,14.749171675234242,-1.8398961569861108,2.6224197661289668,-1.80073825,3.1960203004000673,nothing
-1.523179240250001,6.803509418724938,-1.7923074,6.948839670539729,-7.16954214965278,13.64986354375555,-3.1339784,15.376190328507736,-2.868570212027777,3.6825110081364514,-2.2118006,4.657833139747825,nothing
-0.9337968630344835,6.470781601781583,-0.68976563,6.5156907156390504,-8.453292238137935,14.186379240779385,-3.222425,16.47190187706091,-2.580357793296552,3.3881290618027364,-1.7974621,4.249528971208257,nothing
0.6214967286095886,7.425947838930583,0.038349519,7.426523820508752,-5.795782789486301,12.74317551322025,-1.4972292,13.95949032564785,-1.8571262426130142,2.679221865100874,-1.7513580499999999,3.2523809318537107,nothing
-1.7027371092739731,8.16965614419628,-1.2964267999999999,8.317779115479409,-9.005067783821914,14.223800611166821,-2.8604549,16.79351125105156,-2.7439249260547944,3.8983308554535814,-1.8884729,4.756260982179989,nothing
-1.4067011297447558,6.983020351899935,-0.64555025,7.099322804876826,-5.743675877412586,12.183034901345627,-1.9036275,13.43049535805565,-2.114089875398601,3.4110103969289485,-1.2502002,4.002874510811509,nothing
-1.1736968169863937,7.506510034815174,-0.7435546,7.57244606994269,-7.557188381156464,14.086308122578288,-1.5584818,15.943191308601824,-2.692671123061224,3.3339298595402327,-2.095642,4.276675489169926,nothing
0.330995791118056,8.263200378533776,-0.25885927,8.241108463434733,-7.657257511222223,13.88385590245849,-1.8814967999999999,15.81317255012623,-3.2226800249583323,4.4668682556116135,-1.7366605499999999,5.495454182074224,nothing
-1.35669885613793,6.157531806052673,-1.2708604,6.284452689379921,-6.197637475399996,12.008331957789894,-2.8538435,13.476507844217169,-2.886856608689657,4.53287298479769,-1.6573535,5.3608931679551235,nothing
-1.251492908304054,6.1556336843790325,-0.78563253,6.2611528254839515,-7.984474331864865,13.677646977798627,-3.2400017500000002,15.797652245936366,-2.7857174955405406,3.3731317299995,-1.8519489,4.365931874770127,nothing
0.5953047239379304,7.069693705025331,0.040480047,7.07037928383872,-6.016269362351721,12.511233260883397,-1.103614,13.843660314466815,-2.0188300252206894,2.3944408153157624,-1.8343854,3.125616925648356,nothing
-1.7962045025127658,6.836707973047063,-1.3219931,7.045241875011193,-8.1439149271773,14.04807842526985,-3.1817834,16.194820869002424,-3.0513906276312066,4.796656527164941,-1.4594122,5.670601547286828,nothing
-1.9964439301438361,6.5590887474505735,-0.9747169600000001,6.834673712798746,-7.341327363842471,14.176893301102456,-2.60518245,15.92177082846888,-2.2506075075410967,3.876010779869105,-1.44599305,4.470547316680347,nothing
0.577309981171528,7.247905915156299,0.00033426435000000003,7.245731187427812,-5.667883148536804,12.431834009433889,-0.839246275,13.623587225266006,-2.019455354305555,2.5927153041121476,-1.6056694999999999,3.279282058882628,nothing
-0.45044849001111115,6.665445770315259,-0.482032165,6.6575177220541715,-9.206998227777778,13.855161871836197,-3.5234181500000004,16.595217173577637,-2.8607171192430556,4.147293606078514,-2.01960015,5.026360705279621,nothing
-2.002805165314686,6.462255328071528,-1.3017532,6.743881618259472,-5.344195784783215,12.618351236451073,-1.184574,13.662714607395017,-1.935909508363637,2.9714942596954064,-1.2322376,3.5377644155211785,nothing
-0.8977886422496503,6.620473525256121,-0.45912898,6.658091766043709,-8.283329960069928,14.076924329722237,-2.4607608,16.290721928597332,-2.5107592593272745,3.270412454222354,-1.6992663,4.113965883435852,nothing
0.7537599897916668,5.921892248322877,-0.33289514,5.949237643215483,-7.136991005374999,13.128546174942592,-2.3872577,14.90296714384199,-1.924058257384721,3.616585708829014,-0.9336109850000001,4.085445039571273,nothing
-0.8639843117323954,5.278688051944535,-0.778708285,5.330552244614518,-6.937083499366201,12.82272729440306,-2.83733175,14.539173256218003,-2.612927320971831,4.15388502888222,-1.0201327,4.894960430648982,nothing
-1.4311122799310343,6.016632972926663,-0.68816084,6.164276145399429,-7.5112649032827585,14.22575373757638,-2.5630262,16.043550118515004,-3.230839706896553,4.182861957053663,-2.0657043,5.273897514169736,nothing
0.687328640088194,6.039142103840715,-0.26152241,6.057258912104326,-6.055763690236112,11.824562310222628,-1.8116444,13.24845551664464,-1.9418628652430552,2.9804145159607205,-1.2525952,3.54852299870899,nothing
-0.8990384724864864,6.518510407845119,-0.7675230200000001,6.558364652100226,-8.713227465743241,13.622606780315586,-2.7774925,16.132013526475077,-2.000763532324324,3.2893702062277126,-1.2478052000000002,3.840560278487674,nothing
-1.083234970915492,4.99710091797363,-1.2996226,5.0959359640911135,-5.982311466690141,11.944731867368848,-2.1497037,13.321407768798103,-1.003340503084507,1.9482869469096953,-0.781207975,2.1853565044609655,nothing
-1.6049715976621621,6.0963915294730855,-1.22956785,6.284170745455385,-7.9109706737567524,13.96535138880066,-1.9132149,16.009269787232242,-1.328047635462838,2.547363872882524,-0.6433146700000001,2.865122720700876,nothing
0.360787166388889,5.85942635104842,-0.12090751,5.850181346309927,-5.803058451634721,11.722447965296919,-1.4492923,13.043657362811983,-1.9491405449256933,3.108958417611397,-1.06473175,3.660279897526623,nothing
-0.37812450256849317,6.470616431472334,-0.6231797050000001,6.459495492104876,-8.86562240965069,13.639109033196247,-3.0040457500000004,16.228074749404158,-2.8187401261849305,4.47265312943365,-1.11594435,5.273794073414804,nothing
-1.4488005807500006,6.393646296744563,-1.3482313000000001,6.534053576417262,-5.752798788888887,12.03277524514176,-1.73119145,13.299507660242272,-1.781657080018751,2.6022448567033316,-1.3343277,3.1462604312596074,nothing
-2.267915759716216,7.634835072983241,-1.46154275,7.939791707545284,-7.804710798918917,14.117234650284255,-2.37604115,16.089227082385758,-3.5098558783310807,5.042748396557129,-1.76861115,6.129973899297948,nothing
-0.006355373848965343,6.878713710182805,-0.61891866,6.854955916164607,-5.301739573034482,11.370164446371351,-1.6532904,12.509895739785634,-2.850197959172414,5.280005743991716,-1.1723621,5.984130999330531,nothing
-0.5061563614864867,6.441701698718463,-1.05514435,6.4398245237872835,-8.551882868378373,13.090539984752336,-3.1334754,15.599329624491446,-2.6453410384864853,3.9704370874282437,-1.28309195,4.759798720231576,nothing
-1.3359718581597224,5.598069019788332,-1.24955515,5.736337676583118,-5.540552838701387,12.226215374605891,-1.8597326500000002,13.384319564753882,-1.5768206406041672,3.7575019198225146,-0.47617319,4.062897567535941,nothing
-0.930003754109589,5.817267018106915,-0.5486111650000001,5.8714323330442015,-8.364898596780822,13.318087085773147,-2.34038595,15.68847026504266,-2.399482210888356,3.3083834693467438,-1.560954,4.077738044477834,nothing
0.2942890726223776,7.098216457364697,-0.42397526,7.079473323357924,-6.128254307391608,11.419264966445509,-1.4498249,12.924520410008938,-1.6421980705944057,2.3447809274344413,-1.7483642,2.855934972137204,nothing
-1.12565509924138,7.2665095955334635,-1.3783337,7.328376918875283,-10.153488687448277,13.984615850129444,-3.931891,17.24279727782207,-2.1938997126896536,3.131413824283732,-2.3542345,3.8146195889860754,nothing
-2.0035732872602745,6.878901017651548,-1.08017815,7.142092163781052,-5.310499047417805,13.017313254241591,-0.45190091499999996,14.01753277184569,-2.420485944410957,3.4274750040397737,-1.28496895,4.186391548829584,nothing
-1.3204022958819444,6.441490271576284,-0.521979585,6.553481114547816,-7.797335905930554,13.720418752756773,-2.6935211,15.739791837026326,-2.5992751889791657,3.6023490100832203,-1.7399817,4.432046074858393,nothing
-0.03359955565277805,8.403913154088556,-0.6773223749999999,8.374749464349387,-6.540863519409724,13.120437125521434,-1.74330525,14.619620669197186,-2.576402062965279,4.7402401659420415,-0.77761545,5.380676872804844,nothing
-1.6419613650743043,5.5092944024949535,-1.0386329,5.730408528572185,-7.141609094597224,12.212269817356672,-2.7318706500000003,14.11050755086375,-2.5093496721111106,4.1981021043880276,-0.9827271200000001,4.878371423062695,nothing
-1.7516940129999992,6.754019655410705,-0.82557994,6.955206336214547,-5.74683368327891,13.143715036998833,-0.31638354,14.304129578675349,-2.5518975730238096,4.231960746551773,-1.3209279,4.929486758910967,nothing
-1.0747760420809855,6.745264835460406,-0.67697555,6.806858936489527,-7.784244675776762,13.39429337301078,-2.533418,15.451153027797831,-2.6425647954295766,3.6885158284493427,-1.79566585,4.5268627995772786,nothing
-0.7726522712916671,6.493925345771337,-0.7574030199999999,6.517300307721782,-8.639957039270827,13.846308553098186,-2.98966455,16.279979345496677,-2.6939784887986122,4.184699088003158,-1.6681311,4.96463669190658,nothing
-1.9409907448972592,6.352656859759751,-1.62026725,6.621727990791202,-5.770991060684931,12.728035658369718,-1.20529355,13.935480641005329,-1.4354687536205486,1.9609788337753307,-1.3322295999999998,2.4248030668055893,nothing
-2.1519034430347213,6.660874150891498,-1.1499529499999999,6.977809614620857,-8.095683525763889,14.120650326229912,-1.3777687,16.234167222293877,-1.0770302227916675,3.2876117126646105,-1.3352234,3.4486702661747066,nothing
0.45267085818881153,6.5736248135527955,-0.49534798,6.566221781093117,-6.5978731255524465,11.924439835732452,-1.1504856,13.591535736281767,-0.30342324848811186,1.887273643683971,-0.8370593,1.9049828789070984,nothing
-0.9688720481081079,6.532721962948227,-0.9715211850000001,6.5823107535805585,-9.05069644991892,13.196829199806027,-3.5596849500000003,15.965421240743861,-2.040355583851352,2.8357714564913596,-1.8513500500000002,3.4857302719136563,nothing
-1.7248064069261761,6.164397719108515,-1.1462245,6.381200840834252,-5.325057015431544,11.94973350755292,-0.69455564,13.045842242817768,-2.3167270238791944,2.7672989506248493,-2.0130138,3.601912268706964,nothing
-0.5657791003999998,5.293337734609281,-0.30146983,5.305307997997993,-8.406548319746898,13.780417661216656,-3.0306773,16.101562377973107,-2.9290753369793103,4.1531679119196365,-1.8333201,5.070436743257047,nothing
0.1458226828873239,6.546603018157009,-0.342482505,6.525140485289877,-5.819558790915491,11.977673029456426,-2.209885,13.278614433607718,-2.4533295448028167,4.219618853947768,-1.36216735,4.868122894237385,nothing
-1.0796457929861119,5.224242092501376,-0.6103965499999999,5.3168419012325066,-8.572880895902777,13.35728512089583,-3.6655749,15.832635448807777,-2.719439757145833,3.5176246856720246,-1.21273665,4.436564849615864,nothing
-1.5256379319034492,5.470770044039849,-0.8127968,5.661314938859971,-6.406963124551723,13.424058494605903,-1.2705579,14.832792301286139,-2.286455532551723,3.0315919353818024,-1.2513977,3.7888052818647844,nothing
0.6287062462083335,5.2307108209707565,0.13369068750000002,5.250295696952999,-7.352739020833334,12.265206692583096,-2.9137768499999996,14.263708380718827,-2.683025446180556,3.53133372972845,-1.20071,4.425194235921704,nothing
0.35482626111689186,7.319393065216479,-0.60240705,7.3032481342425735,-7.743678448054056,13.062176928854244,-2.77116695,15.147018882943495,-1.9473327658108106,3.1743264571112313,-1.90782695,3.7148849136414808,nothing
-1.4622558239932433,7.114011918873216,-1.3044164,7.239157675805469,-8.435638084135137,13.177497988069922,-3.4605116000000002,15.608752553166415,-2.4339057086486484,2.9017089329693873,-2.6093738,3.779804282567056,nothing
-1.612769243823129,7.107322923802194,-0.7604187,7.264394734434829,-6.784508591224488,13.152237199606411,-1.7246631,14.759205816938952,-2.3644956434013604,2.5216957802803113,-2.5423133,3.4505841672602298,nothing
-0.20968724915704146,6.803469753166167,-0.29348035,6.782713558946617,-9.690087306760564,13.807362112822876,-3.3647667500000003,16.828502085424226,-1.7009104609859154,2.245078726698252,-1.9621198,2.810334368398514,nothing
0.7515541900000002,7.617551654242361,-0.3888215,7.6283510705700435,-8.3266147391931,13.077581172035597,-2.8218856,15.465321608967898,-2.1735277268620696,3.6781829761473315,-2.1159997,4.261449181938498,nothing
-1.4693701096965506,6.959871681289917,-1.1238539,7.089766897280441,-7.356546159455168,13.298175941552227,-2.086062,15.15719823488568,-3.0291343586620685,4.432052418479245,-2.0698087,5.355676803742564,nothing
-1.535920222938356,6.708628875205422,-0.86073365,6.859773617824785,-7.623858399760274,14.202293936413913,-1.45012955,16.07628152937344,-2.315719654417808,2.8655099439879206,-1.8471587999999999,3.676610398510597,nothing
0.7094997078368063,6.3972352152996566,0.02769687425,6.414344042566053,-7.257357167361107,12.29338715654589,-2.16142155,14.238929216264358,-1.6997811145208328,2.735132316181302,-1.36695735,3.2122038526621863,nothing
0.18266053568493207,6.889279974177773,-0.534230115,6.868075423223832,-9.074672582808214,13.787961157348718,-2.64771475,16.46679831185758,-1.8411004407739726,2.9598646229714833,-1.3014440500000002,3.4771315692057057,nothing
-1.5510420552447548,6.6189932812124495,-0.74675035,6.775723753268693,-5.763216918041956,12.773197283755835,-0.9556128,13.972411998407619,-1.9461047936083913,2.568083546681566,-1.7004639,3.2150050883280787,nothing
-1.1290313546351352,6.795857655671172,-0.681769235,6.866319332464759,-8.256230835540538,13.659191157823406,-2.14054875,15.920999306516022,-1.6374591622716226,2.44925679689675,-1.2160711,2.9393193999863922,nothing
0.8004456735833333,6.332556418285562,-0.37976676499999995,6.361092910810991,-6.486412365458332,12.064987971121479,-2.2434010000000004,13.661135364973775,-1.3707562758298613,2.429934595825825,-1.22385495,2.782543955641911,nothing
-0.6178514215616442,5.994569146978335,-0.47137949999999995,6.005869667586117,-8.76447453302054,14.029644800669653,-3.2352231,16.50147841849283,-2.0707915551328777,2.9391215924831906,-1.42144405,3.5871222494026984,nothing
-0.43280720015753377,5.773385627251416,-0.35846147,5.769835563481795,-5.629615680065754,11.137851887300434,-1.72026255,12.445667836025837,-1.8221404103835621,2.891510555176831,-1.32983465,3.4093640146526827,nothing
-0.25412819118620694,5.515676624147197,-0.46871635,5.502495625990929,-8.020049491972415,12.672297287953832,-3.187271,14.959973764637065,-2.009649434275862,2.7953652422309374,-1.627724,3.4349479719549785,nothing
0.8933882879444437,6.681889826425305,-0.12463594,6.718313862052497,-6.98235901871528,12.660547769701733,-2.6931995,14.419767195654641,-1.4196412292395821,2.4649532217193317,-1.1771521,2.837107893536684,nothing
-1.4845689571054423,6.5580886339359035,-1.091896,6.702230711378745,-8.589924487160541,13.6400170423158,-2.8285182,16.080149903209417,-1.8599809730340156,2.7183466654239625,-1.6010925,3.2861329443284233,nothing
-1.4511420489655171,6.213704530977142,-0.8479505,6.3600047584362835,-5.388326607379313,13.02893479860995,0.32093263,14.057613392399748,-1.9291871383744832,3.074004845598361,-1.155597,3.620234771417207,nothing
-0.7334429183724142,6.051995993987465,-0.5773733,6.075524372557114,-8.605645251434485,14.252752367180259,-2.2551649,16.607140276533364,-1.7676559464862054,3.141195590563874,-1.2011023,3.594950382223498,nothing
0.17117208974014123,6.794508630422536,-0.189084435,6.772705466207945,-7.514281900169014,13.508858459439715,-2.43359665,15.41650264296583,-1.5094550376690148,3.5187229585591036,-0.927876945,3.817417023695401,nothing
-1.1162395619048606,5.8103816100798475,-0.73663035,5.89678531560882,-7.518799531736112,12.665496497154516,-2.3444097499999996,14.691261220216948,-1.9790670626458333,2.566285713369193,-1.544975,3.233696634437757,nothing
-1.2808044060850339,5.856403223553508,-0.83729786,5.9753328441018185,-7.328315536210884,14.060502336850734,-1.6650083,15.813192342892052,-2.3424868202823146,3.1475701908436067,-1.5456986,3.91497722905238,nothing
0.3550384526965751,6.3899890433453885,-0.45060683999999995,6.377957456603229,-6.922000861986295,12.641016980271898,-1.8631475,14.374105808786156,-1.098985123876712,2.552058663100689,-0.660426615,2.7705887659384736,nothing
0.18616050857142868,6.826047529023981,-0.2908172,6.805336753271581,-9.448298073877552,13.920676920194008,-3.5601137,16.785032482251477,-1.715151779095238,2.52864946314973,-1.659682,3.048330144663677,nothing
-1.2683297911062494,6.601398625678166,-1.02912125,6.69958924510861,-6.000268710458332,12.846585933150743,-1.1405189,14.138313900282032,-1.7152421701145832,2.325255909907598,-1.67232235,2.882936596941974,nothing
-0.6956881509527035,5.918457464491681,-0.598678575,5.939313440890016,-8.657435802033786,13.567983050487653,-2.9880666500000004,16.056073812261918,-1.9909635056148647,2.746120992622765,-1.6088543999999998,3.3843998381507765,nothing
0.9812085251310348,6.477169591745432,-0.23116238,6.5289478516214485,-6.510488270255172,12.27148588844318,-2.9092371,13.854142921028531,-1.963237086710347,3.002626385573326,-1.275348,3.5788108889494783,nothing
-1.351132000156552,6.742079761779483,-0.850081,6.853299207460603,-8.34278813096552,14.199187921241242,-2.5638685,16.426460050239825,-3.4481735997172414,4.394489969588881,-2.5683525,5.573890940598701,nothing
-1.6012159056028372,7.492534755379337,-0.97152114,7.635694274027892,-6.57275308202837,13.11787199932302,-1.5275892,14.630763257865913,-3.128611109106383,3.9618613295673253,-2.2253375,5.0371848357608595,nothing
-0.0064610076573427275,7.084241869892845,-0.63915867,7.059431293673059,-8.891024634125872,14.287009147580799,-3.0605047,16.785158516320863,-2.7458895343846152,3.839181544028809,-2.2608984,4.709156201559963,nothing
0.4468922917671232,7.626091484722097,0.1454086,7.613057636646775,-7.911845490657534,14.272891348715234,-2.4546391,16.27628383180065,-2.559731840315069,4.1146439220300035,-1.5295765499999998,4.833897059047544,nothing
-1.5927316695993003,6.6527242649936875,-0.9416938,6.818066634907395,-5.917905466968531,13.126589703096402,-0.7831714,14.357019739323775,-1.940705825853846,2.7243818720821995,-1.6573535,3.3371682299864447,nothing
-1.06216001942857,6.104480678681994,-0.7030745,6.1757078144249276,-8.027465309741494,13.621657017032382,-2.090852,15.771096899734458,-2.2993798368027214,2.846263383436597,-1.9603235,3.6514726582542094,nothing
0.27140728593356656,6.1238073916583575,-0.34514567,6.108390459938721,-6.436436691258739,11.9493079705441,-2.4383903,13.535700020017055,-2.2867649504405603,3.7500083168470613,-1.2525952,4.381040597614637,nothing
0.1939628458108106,6.126634152154707,-0.34194988,6.108980961661415,-8.623573676581081,13.305624521016192,-2.67754215,15.818010400792927,-2.928531254135135,3.305895334182633,-1.99145875,4.408105607975722,nothing
-0.8202857491971828,5.635514113565352,-0.61519022,5.675229772341113,-5.4564778796197215,12.055369229923551,-1.4388079999999999,13.193999160376626,-2.273988079711267,3.270577383223816,-1.4441967500000001,3.9739614365445735,nothing
-1.2911534811716214,6.887430401514322,-0.7302388,6.9845011719558565,-8.54452632601351,13.522919106944029,-2.824016,15.9575269904931,-2.0784602530810816,3.3254363386399026,-1.58956565,3.912007680210102,nothing
0.840519834493056,6.908138160424326,-0.111852763,6.935231868417825,-6.743268622361109,12.262462037456203,-2.4351944999999997,13.95691315740107,-2.208534842840275,3.4887963178920995,-1.1915011500000001,4.118834811822924,nothing
-0.9864207678129245,5.350054241559594,-0.58269966,5.422304997529511,-8.025710920136056,13.225851551695262,-2.982997,15.43195488733341,-2.6372852699523794,3.5070870936845506,-1.9040406,4.378500008237067,nothing
-0.9089777838098593,5.631727840575979,-0.706270335,5.685001710172437,-5.151072388098592,12.174386626043804,0.155676265,13.179736871614939,-1.9986571620422533,3.5412621511065265,-0.8987311,4.055472158579199,nothing
-1.1253604033172409,5.8981347794590535,-0.73503244,5.984522764170044,-8.673066347103449,13.21886019890347,-3.0722227,15.771976836685464,-2.2477581178862045,3.5421055632040668,-1.2789404,4.184782038490693,nothing
0.4815092690714288,6.788460345756849,-0.5203817,6.781288916691581,-6.457434410340713,12.099457044277717,-2.6620958999999997,13.676608792663385,-2.4767570913999974,4.358143992598392,-0.8068883099999999,4.999207684325595,nothing
-1.6013798969387756,6.860544777973909,-1.401888,7.022201082538739,-7.812548867891164,13.379555560829461,-2.0889835,15.454146843550149,-4.098363133190476,5.925845731096567,-2.4607608,7.188417492299127,nothing
-1.3290500811000001,6.001309033447683,-1.67847825,6.127151009964838,-5.7914342228299995,11.349573360775471,-1.4546185999999999,12.708059400468919,-1.1172130654200005,2.4090411039884554,-0.6897656000000001,2.6481982958191974,nothing
-0.5200400214930554,6.325950465810676,-0.3787015,6.325360904921729,-9.057453746923606,13.558465552879776,-3.1566357500000004,16.2663101377503,-2.3332346381090283,3.0719230112002824,-2.08851825,3.849046914240964,nothing
1.5960580755862075,5.280702459105842,0.829841,5.499173015359678,-6.87892725804138,10.877650724106315,-1.4359765,12.838493012811199,-0.7596670453979307,4.835864966519437,-0.5496765,4.878668267408194,nothing
0.9746286668219998,1.6306859468893533,0.335901485,1.895075227493033,-0.5259503449700003,1.8318263703825994,0.089214475,1.899958165573203,6.758164795566667,5.625780704010303,5.94024705,8.781298530216771,nothing
0.7085103629802634,1.6260258221135897,0.3701729,1.768771447959361,0.011511851588157847,1.0913068832063153,-0.013848437500000001,1.0877720505689896,6.972958727302634,5.126915528545598,6.2492047500000005,8.644911039955197,nothing
1.139385390399999,2.1448360497924788,0.6849756,2.422364947142173,-0.9917749268553334,1.2818637231621446,-0.72628967,1.617355128885724,6.895172248866666,5.088783850302277,7.5419165,8.559584293418556,nothing
1.3605735316688752,4.938300727311619,-0.6227051,5.106512736544217,-3.827278179089407,5.50877779051545,-3.3985326,6.692811063195115,5.669409916291391,5.583582620717873,5.191205,7.944314790468202,nothing
-1.187937120565516,5.248832752828974,-0.1107875,5.363901395261658,-6.682893918868965,9.860667469245076,-2.9518616,11.883739448969505,2.8690468868827583,5.3301760331986205,1.0034791,6.037074638767682,nothing
-0.7427354694246576,3.5692281202780194,-0.77419005,3.6337018673135657,-4.469879316027398,7.927018490934462,-0.7355651,9.076731161776673,3.331779446887671,4.723652205319606,1.2177323,5.7672191240450665,nothing
-1.0572046889664433,4.96565729114288,-0.4282363,5.060627018143233,-4.848945338107383,8.560642325253255,-2.3094933,9.813512367131578,3.9923748700738293,7.566730219946182,1.7615368,8.532889244175093,nothing
0.20260238666689193,7.5942273685306985,-0.411724705,7.571238962115111,-6.625086577590542,12.142716071492623,-2.6098978500000003,13.796415187031853,-1.657840744560811,2.313886401308639,-1.5845147499999999,2.8401285291266074,nothing
-0.9236791209130134,6.433104076495362,-0.5656554149999999,6.4772334720156755,-9.119107093561643,13.559013149329495,-2.983273,16.301709323030497,-2.202980234315069,2.3802834993230215,-1.866076,3.2372928422144973,nothing
-1.1177817889402781,5.03882558513575,-1.1227887,5.144208549871161,-5.8346246623888876,10.754464329657836,-1.6381933000000002,12.202383534379832,-1.0243982180743056,1.8009121009240976,-0.9800014850000001,2.066434924247139,nothing
-0.3309111266458332,4.888588227801343,-0.39574573999999996,4.882810323344203,-8.566097970729158,12.480814040837311,-2.8724855500000004,15.101887711841803,-1.7474286928194442,2.919589933441747,-1.3436059999999999,3.3938647489464406,nothing
0.49520347430277817,5.341800581720367,-0.189617075,5.34620438911297,-6.318424621111113,11.195104314984077,-2.3327319500000003,12.821173916201548,-1.259496292059028,1.8701873512046887,-0.90852205,2.2493649646884326,nothing
-0.04923765277777742,4.349306780737321,-0.76326198,4.334458380014583,-8.463702208888892,13.148369767930596,-2.96782675,15.598504084233703,-2.028701045305554,2.3932026849532226,-1.41904905,3.1310179301309993,nothing
-0.7623324622448979,4.408830986232551,-1.0301107,4.459451937142741,-5.540801947000003,11.135108238626362,-0.93884766,12.403533689679529,-1.6205135636326526,2.726029169057132,-0.8926916,3.16334421478477,nothing
-0.023140094517808397,4.987052128225258,-0.4314321,4.969997707158506,-8.29718665124658,12.646207577083457,-3.17022705,15.088886140778751,-2.357362255489726,3.3117927022731157,-1.84200085,4.05586052744193,nothing
0.890678240993104,5.8316637087036005,0.19281286,5.879376610600478,-6.785029265231034,12.993441989109655,-0.9017249,14.618543540161959,-1.9462431653310337,3.064444883209221,-1.1867322,3.6213147623646202,nothing
-1.4247904631666666,5.905770337804979,-1.33865485,6.055240866998046,-7.189921830833334,13.126133541976179,-2.34894255,14.926280916176236,-1.8042545128611123,2.460270030844008,-1.3358704499999998,3.044048085245807,nothing
-1.5265002508620689,6.0136964591094975,-1.1014835,6.184281483107808,-7.7511961946206895,13.33210759860162,-2.9039109,15.381817423193677,-2.834092760724139,3.892495043163662,-1.648971,4.80407183670207,nothing
0.5757054685277779,5.960934558486794,0.1033306475,5.968033382324292,-7.0834055741805555,12.235737731826644,-2.8373319500000003,14.101355850761609,-2.4702954099375005,3.7943215466805804,-1.7911655,4.516553675803043,nothing
0.1698807140540537,7.120079969321438,0.0,7.098018089750224,-8.173425917797298,14.386902274733236,-2.07992885,16.50422112075507,-3.1639374039682457,3.321672887763835,-2.57402285,4.579242286783519,nothing
-1.5782739805454546,5.6402767664751385,-1.0503508,5.837910942509865,-5.413361063900003,12.46874656020241,-0.737163,13.553114716016948,-2.106821695447553,3.068743503403359,-1.5735278,3.7134929505404264,nothing
-1.2304859112800006,6.142045934477561,-0.8713863,6.243983155861549,-8.185904749400002,13.29988728375674,-2.93586885,15.579370707717285,-1.7030365234320006,2.7113762527992153,-1.6100519,3.194195387964223,nothing
0.06393985546896636,6.967000974081059,-0.34301513,6.943229684118695,-5.879916226068964,12.127278478295636,-1.8309925,13.439866672032009,-2.6217842940310363,3.461116981976924,-1.829059,4.332489766073286,nothing
-0.5308236002466215,6.183693956451194,-0.32863407,6.185586414996801,-8.549833822862837,13.138937411919107,-3.19366275,15.63857104941272,-3.664418156398652,3.9373828047639043,-3.05544615,5.3690030628307595,nothing
-1.487290389322,5.670495410681651,-1.47059755,5.843987290373543,-5.613703145599999,11.200672942862901,-2.036253,12.495293922810056,-1.7026211005513343,2.5837772378956942,-1.1861334499999998,3.087121214822975,nothing
-0.7764735928068968,5.6740113818321305,-0.36751622,5.707476326807254,-8.763225381151727,13.564083397159234,-3.1127026,16.109302276690304,-2.5674827246565517,3.2193867846333823,-1.9243982,4.109128841520114,nothing
1.1019905504734688,7.228373321435346,-0.051132694,7.287545957470292,-5.812599522537413,12.520451866934229,-0.79514647,13.765232360459963,-3.0294021867755108,4.056703555238999,-1.9185412,5.0519471519804355,nothing
-0.9048701796482772,5.769328009089918,-0.8649947,5.8201703574451225,-7.80646153150552,13.409361779458376,-2.0367856,15.476167136218015,-3.0033345129724127,3.5918925576947727,-2.339934,4.6725510329605155,nothing
-1.71254725060274,6.214488304728358,-1.10414655,6.425586615447728,-6.732712047876712,13.181638038860342,-2.54793845,14.761263028119306,-1.7993511600616443,2.723820139013687,-1.50706605,3.2566922382883376,nothing
0.28747038607260295,6.696238427502244,-0.130494895,6.6794556432918615,-7.401057477856164,12.924944925369402,-2.9770092999999997,14.855492124328313,-2.148186425052056,2.9117081505666524,-1.7780740000000002,3.6103573886678406,nothing
0.7264114241206902,5.623254301380938,0.007456851,5.650715592676115,-8.084210184110342,13.668334724099738,-2.9092371,15.839488355623685,-2.394845054372413,2.796972582544436,-1.8876486,3.67483147289524,nothing
-0.7261422361379313,5.175901483094412,-0.8607337,5.208884755054473,-6.3382694147586145,12.022904183910578,-1.8513501,13.55459280413853,-1.4147378555220698,2.294950608286842,-0.83410203,2.6892301402938483,nothing
-1.4367103907431509,5.743838291331239,-0.740358785,5.901681511603372,-7.9300220841438325,13.87682885611291,-3.00617625,15.94153949763916,-2.136199668575344,3.206658745868309,-1.46036315,3.8439016839993227,nothing
0.9553787510229164,5.981628830799398,-0.0919802725,6.036899917538339,-6.060415992847221,11.86432185696622,-1.7250128,13.285829304889925,-2.1033168157708353,2.534101062687143,-1.8992504499999998,3.286489754341141,nothing
-0.19709731889726043,6.566929735648653,-0.5139900749999999,6.547368919290358,-8.646898019780824,13.676665790398973,-2.78210645,16.141216186895143,-2.7025303734794526,3.3437202305434335,-1.85897895,4.290402879970965,nothing
-1.2517036899863951,5.826731223770205,-0.65194184,5.940252610835351,-5.573363378707484,12.22517228471628,-1.3567786,13.397780307499612,-1.333912703714287,2.643647482448951,-0.80113405,2.953074967821222,nothing
-0.2780391848784723,5.160969853422475,-0.302535105,5.150528720779013,-9.164285027848612,12.874817785003343,-3.82216885,15.766861941376654,-1.5257639843680564,2.2268163431797707,-1.33881595,2.6929967079462513,nothing
1.002550723061224,6.620338055010555,0.10298584,6.673516936079368,-6.540358063809519,13.146172691754913,-1.3352234,14.643171827064117,-1.3048614432993193,1.8122332759601694,-1.4058765,2.2281183559004236,nothing
-1.8378456900273974,6.060241990907653,-1.4982944,6.312896179480695,-7.311167862424658,12.888403404979444,-2.9117235,14.77925477355668,-1.318009576452056,2.4584668392078544,-1.1963123,2.7820515411030926,nothing
-1.563955126452055,6.018638001839059,-1.1909656000000002,6.198536070914442,-8.230725521821917,14.109020795824378,-3.0482542500000003,16.292509173652622,-2.6601928941301383,3.7002908944884276,-1.8202148,4.546976695561565,nothing
0.7188500430048613,6.159294653146613,0.07200108499999999,6.17982242790069,-5.875072763263891,11.597734503526821,-2.1358552,12.964946822278488,-1.7800736556388885,2.9352715247130594,-1.15260315,3.4241274899499974,nothing
0.15209796254421756,5.17281700220376,-0.3291667,5.157435610310266,-8.468060608387747,12.590993465748932,-3.1766186,15.138121096996818,-2.521311500068027,3.3960137155002896,-1.3486248,4.220363215638645,nothing
-1.134069625416667,5.808696681351031,-1.2895026,5.898538704535072,-5.751190330499998,11.682036671731824,-2.0927119000000003,12.984547077866281,-1.8955650057499993,3.275955885835021,-1.1957135,3.77498697536059,nothing
-0.4620366271088438,5.734136263389295,-0.3888215,5.733246976590051,-8.546772060476188,12.808444421773384,-3.5841467,15.36188569993916,-2.6647237778639448,3.349303824824774,-2.2680836,4.271097881460987,nothing
0.4206841969727883,6.97497457943808,-0.018109495,6.963927868458436,-6.094210365380951,12.129966962474228,-2.2849922,13.537893951720262,-2.560126709782314,3.1766613219651374,-1.9770886,4.071459008878052,nothing
-1.7253327820965514,6.5667315027728,-0.8596684,6.767668948224714,-7.775634124758625,14.227421236567345,-2.2455773,16.170467044256064,-3.31216151253793,4.908523833744093,-1.8824854,5.9074408427008205,nothing
-1.783802383020546,6.869532303981291,-0.9901633,7.074546105011828,-6.951909956917811,13.800450363017843,-2.3419839500000004,15.41028921114269,-1.748559115575344,2.764107427928021,-1.2274475,3.2627316931112835,nothing
0.41756382208333326,5.918478010403182,0.23382554,5.912654974936507,-6.817654809791663,13.257016865030263,-1.62322445,14.86635253172064,-1.767317565451389,2.689415515941075,-1.2147901,3.2103174819158733,nothing
-0.33319037828571424,6.64296159070418,-0.35153726,6.628707088254731,-7.786644147006807,13.883715896916295,-1.7076489,15.876968168126183,-1.8136383928503401,2.648766439101709,-1.4082714,3.202736365213684,nothing
-1.5982671578551728,5.973162460371504,-1.1227887,6.163364981428363,-5.872782011655174,11.892668455883541,-2.360626,13.226855782162112,-1.3630955741379305,3.3471059723359144,-0.8789722,3.603315840837791,nothing
-1.3375069197534242,5.932949560755506,-1.06825705,6.061989781458854,-8.689238595506845,13.597595151844764,-3.3763122,16.09754825912765,-1.8409622812171242,2.6589347967026282,-1.3968951,3.2265542249847714,nothing
0.9900367851458337,6.773407722236183,0.15446334,6.822068636317058,-5.755283166569446,12.592681894028523,-1.79716435,13.805712654847946,-2.3451425460416675,2.9489546819279395,-1.61963195,3.759738830152692,nothing
-1.2108449203172416,6.676628034147156,-1.164334,6.762845351278184,-8.109653224544825,14.196536828949966,-2.3180153,16.306998218236878,-2.37969196924138,3.903882110490315,-1.2070899,4.560496016295427,nothing
-1.820598868575342,6.269173578720148,-1.59097245,6.5075281128097995,-5.6937311571232865,12.786523017498473,-2.12620655,13.95685908179562,-2.0640684988082194,3.4293123236430865,-0.93944639,3.9924945312602453,nothing
-2.0078228490689662,6.844302484680725,-0.829841,7.110046676349274,-8.115104272737932,13.484679409456394,-2.888997,15.698326368194762,-2.092689715468966,3.122009761901856,-1.284928,3.7495432906710846,nothing
0.39803095441216185,7.663006608158604,1.5584818500000002,7.647439497958953,-6.5627455551587826,13.639867837023173,-0.30861514,15.094984475051872,-2.7914958346621632,3.843806296398922,-1.36201725,4.739985843114657,nothing
-0.9147187929189187,3.3610960129824115,-0.855505125,3.4723689355386647,-4.075360988423649,7.813444570098785,-1.7078761,8.788969439200551,4.042941348243247,7.22291123330942,3.7050952500000003,8.256107945725116,nothing
-3.298128680033783,9.79127758838007,-1.01040335,10.300437141208452,-7.684098988310811,13.914120441271292,-0.8415589,15.85370613588581,-2.9198307536452694,2.570213349490619,-2.5445481,3.88416956108408,nothing
-7.119703043646158,8.079946300005242,-7.449708299999999,10.745860004627355,-4.392832180576925,15.163626742602661,-2.38386175,15.730982657029779,-3.8453321834307665,11.552667969871525,-1.875899,12.133592609512778,left
-6.658847891627908,9.459464194331607,-3.2959282,11.538113508583269,-0.934097102395347,10.643481411917687,0.3749731,10.643216890212651,4.111215136124032,6.7649474107695555,4.0831585,7.893784877716093,right
-0.19131819707549655,1.8436590407081115,-0.1885518,1.847476889226407,-0.7525636770152315,1.6076559510294146,-0.27057716,1.7702523743719705,5.9743908693774825,5.937136968391329,5.051096,8.408894137312222,right
-3.53460868065625,5.945554871520698,-2.072543,6.896876998182136,-6.835096392617187,11.402025569648826,-2.18481475,13.255529278404781,0.13708033632968705,4.072897991381454,-0.37541932,4.059272277860378,up
-1.622917556756758,13.743187556204298,0.504345125,13.79249367550488,-4.264132642743241,16.32187671391446,0.216888415,16.816255883311886,-2.7667257770054055,9.003892282904378,-0.443845305,9.39026501126945,up
-7.90116491756923,11.770187696888762,-3.14645695,14.13860155016983,-1.8414205785538456,12.441119970586092,0.28678452,12.529232586521681,3.3468652792053852,7.530885351904372,6.49409555,8.214589340971653,right
-4.150902945308268,5.370616997885662,-2.7075696,6.771754098884089,-0.2578606570977449,8.771923554410733,-0.624245,8.742687731819343,5.738175440611278,6.514007477617539,5.868995,8.662557994354373,right
-4.570010138692308,7.828407687726376,-3.3416511,9.038669396698257,-3.367157484346155,13.71057625424148,-2.7249463499999997,14.066685875058804,-2.280115795053848,11.301899967869192,-1.48391335,11.48691907447206,left
-1.9146697061920523,4.451196826867606,-1.1345066,4.831966508605233,-2.3501331442231788,4.549523590534083,-1.0106982,5.107270969574838,6.168864841649005,6.4807975727100136,3.4655933,8.931824003843591,left
-4.985889696600001,9.8163477047412,-1.1286477000000001,10.976271785522274,-2.7354305996615387,11.769848567877968,-0.500502705,12.039364833940466,5.377696890000001,7.480340869016977,3.9188636499999996,9.189379545869361,right
-6.8600619125,12.512347574803346,-3.15244445,14.226600975784853,-3.2034261786718754,12.550115894059697,-0.98643488,12.904915235253368,2.567185999999999,6.368564779795128,3.5388083,6.843405374151186,right
-2.0397126657480333,8.240704211694682,-2.0920496,8.457831607848783,-4.166366620062989,11.727778856608342,-2.0410466,12.40227436083489,-2.1945048345039377,8.398014263656107,-1.8109496,8.647957396928268,left
-4.930175951653845,6.0267761054042825,-4.9343605,7.768478931325001,-3.706252030746155,13.006632427527267,-1.35128795,13.476181372938358,-2.1252303741384613,8.979818216472783,-2.2322617,9.194207616138854,left
-3.2079139761434097,8.05183730867318,-1.2166699,8.638299707046086,-3.5063706160984482,14.888347491328922,-1.0897655,15.239396606668121,-2.8386200172093026,8.788007979866729,-2.1901836,9.202617713703237,left
-7.7748573837441874,11.064496989111408,-5.9300685,13.487864350221962,-2.233284713492248,12.01189860944185,-0.24181503,12.171884609746618,3.094778799302326,5.525652150980841,4.0344105,6.314570364836407,right
-5.122231524015269,9.949823627696626,-2.5076325,11.157084230446277,-6.992865803279386,15.03798651791493,-2.0026972,16.532239509095575,0.26993927747328245,10.11608236248147,2.4968078,10.081012123683037,up
0.31523319398648614,7.32293409633628,0.23548266499999998,7.304957372006089,-0.5826771032027022,9.306228822322836,0.016511598,9.293020635645485,4.347610394371621,6.6717409825747565,3.58195175,7.944374504009775,up
-3.878010930056155,9.760350751804516,-1.49012845,10.467598202786368,-2.4303432705330756,11.978461734146974,-1.51604735,12.177290106922525,5.751096683076926,6.664169904733772,6.2007055,8.783202677017758,right
-5.1665319871968505,8.213440035675315,-4.738296,9.675870203216004,-9.515505933007878,13.502069141329006,-5.2506886,16.47468497296257,-2.397407916062993,4.000514036022126,-3.2991395,4.650339840714935,up
-2.442255831885907,14.767030444639435,1.5639478,14.918655333125193,-8.335794432604027,15.775426356598466,-3.3841627,17.795485856030783,-1.121435243597315,8.247942831493349,1.091896,8.296361276728478,up
-4.933240454806202,8.047732730003872,-2.7937903,9.412799872874114,-5.663672174896899,13.534982011682612,0.53795856,14.623706731223612,3.0610158553953486,6.796339080243999,2.509763,7.429803443010323,up
-5.205985115879194,11.740850376075008,-2.8812084,12.807212699102282,-4.545493941906045,15.745650587953907,0.2972088,16.337781305922796,0.19386963800671178,12.728767989300348,1.9089539,12.687463383703374,up
-7.053136405076923,7.572029751742845,-6.575526,10.326728638204896,-3.152256456550769,16.06518902330555,-1.0826162,16.310785055755613,-1.4833554197692291,10.942555602104306,-0.6747967500000001,11.000854201008579,left
-8.619288161829456,9.673292520365317,-5.405152,12.928238383498096,-5.799952597093023,16.377674393758607,-1.7257284,17.314398059436733,-0.5333618562790691,10.349864955512421,1.0981164,10.323458439889288,left
-6.081640847076922,7.720103002226355,-6.111491,9.804482867212982,-3.1070953538846156,14.466402987107134,-2.1198762999999996,14.741812482415552,-0.5143981496769237,11.659468060242096,0.47907611000000005,11.625922931799293,left
-5.901798799746156,11.059418059478478,-2.0706327,12.498044052354192,-2.994671405007692,13.271066498931855,-0.73507832,13.554869395726511,4.133884582538461,6.481108748860705,5.0882189,7.666202367286946,right
-7.330281193846155,8.34088263807644,-6.3581780000000006,11.080080741170123,-3.8631758480769225,7.937492915810081,-0.264718225,8.800186182922268,4.323866889769235,5.302050485146616,4.3262545,6.825783477276636,right
-6.750707707271317,10.110478400932978,-4.487069,12.124413849582195,-6.010695369131781,15.19410136272404,-3.1723576,16.284948789788544,1.6440755746511613,9.962811146812943,5.285808,10.05938127503047,up
0.6041455880680274,6.1980010871324565,0.15765914,6.206358139652889,-2.8747251133401353,8.97213663128439,-1.3376184,9.392319540943937,3.4121766773469377,5.396300130594435,3.1530433,6.369058734535462,up
-3.90313408,8.554459927995447,-1.070857275,9.372850504408248,-3.2094599598461544,14.75167175934159,-1.4418354,15.04122720573797,-3.5756815669999997,10.966088640543108,-2.9574089,11.494153275013657,left
-6.388782521705429,10.778422100138453,-3.1243029,12.49361230654453,-2.823810751217055,13.132998530242062,-0.35326537,13.383293204900237,2.983397033023256,8.22215065014998,5.244297,8.716671325981656,right
-6.648953213694657,6.718739182819801,-5.2187304,9.434269647190753,-2.473949238351147,15.165044134456807,-0.5581986,15.308279683875725,-1.0164592970000002,9.537683180917144,-0.6412892,9.555426852051756,left
-3.4535904233076904,4.758403236334717,-2.689607,5.864769036660595,-0.9832544185846145,9.445992337880021,-0.928377955,9.460824526442131,-5.462830003538461,8.631790116691242,-5.0594743,10.187108291283312,left
-4.824169509060407,7.4910421974411046,-3.7745507,8.888853082998578,-2.6572320124228193,15.765975699239277,-0.13052857,15.936079931957131,-1.2591627669778542,11.351525206971585,-0.70840085,11.383224608255022,left
-4.5237213557076945,9.893146412923885,-2.0872595,10.843685778711158,-5.332342647792308,14.307349232991234,-2.1131922000000003,15.217079317053932,1.4183975517538459,9.417842825222488,2.3632892,9.48816842134029,up
-0.2572180708783781,4.017942762310399,-0.6996085750000001,4.012598287238377,-2.4005515025040527,7.822719685520535,-0.157659135,8.157457413185217,3.983021884885135,5.558649614947205,3.9973187,6.823069298387139,up
-9.148995038604651,13.030984680740795,-3.7745507,15.880627885259125,-3.076811197286823,12.364149923459024,-0.8926916,12.694641177826009,2.1111416696124037,6.689247535906358,2.889591,6.98971267478584,right
-3.4521176132170535,6.923449598278387,-1.2346326,7.712307551154996,-2.1148113462790668,14.279003217455017,-0.14130615,14.37991021526424,-4.883709302062016,9.015985223455555,-3.6794233,10.22293825877587,left
-6.7643635855384625,7.610746127694609,-6.3475294,10.160438292054751,-2.2062796516923067,14.406305392143722,-1.47219545,14.519394988683183,-2.30434337856923,9.614634259541795,-3.8508075,9.85089357668775,left
-5.550141276364341,10.297486660994064,-1.785487,11.662774023624126,-2.334263781767441,11.967765560456675,0.2215393,12.147670965805185,4.403089926666667,6.866977122984591,6.422245,8.134926561977254,right
-6.365567798914731,9.733596741546846,-3.6308496,11.598660172688694,-1.7273071038449617,11.501775668066667,0.1949434,11.586583747362779,3.6711182637674424,6.718845718478634,5.127737,7.633482313381379,right
-0.8798205710993379,1.9260638990648156,-0.68389976,2.111690953784953,0.5816555355609272,1.162784451705514,0.2759035,1.2967022605722809,6.7610633257417225,4.969341178524953,7.777826,8.381097200842598,right
-5.020381560230769,7.214675571303619,-6.037245499999999,8.766719917976506,-3.9854992236153852,15.07907202481388,-2.1986996999999997,15.540706305524937,-1.3160366376138464,11.39209029855533,-1.32199315,11.424244756349413,left
-5.885758905969464,7.600144479106524,-3.8931043,9.58975605569874,-2.9301679440534345,9.109918088103809,-0.3820056,9.536402658444311,4.775874347977098,6.2108946361553325,5.740862,7.815991344706586,right
-5.098547799630771,7.543372113604325,-2.34246305,9.080745633304275,-3.2252242746923088,15.239289355325647,-1.55102505,15.519393717838602,-4.549500175076924,9.936816134358336,-3.5412668,10.893976585586872,left
-3.423345787232558,5.77406952963213,-3.278884,6.69333449321709,-5.737399940552713,9.1703953021717,-1.3369069,10.787121948713985,2.4602610891798453,5.1890448139454115,1.3795313,5.724538460295835,up
-1.6676629048630869,10.01908941143262,0.05752428,10.123712089750475,-6.06982969372953,14.654095584008436,-1.6809872,15.815945275172204,-1.5742175770469802,6.913945809942864,-0.25672874,7.068237723134732,up
-4.4045454317769215,8.775604141365399,-1.65373495,9.788710560878007,-3.0984361179230757,11.294907399786506,-0.43835632,11.670213961484802,3.2865706236461536,5.467952232012042,3.8694279,6.361608255924301,right
-5.70693788293077,10.670876226799393,-1.17711725,12.064859503374537,-1.9287395008384614,13.407399127564016,-0.262254635,13.494281413952029,3.811542676692307,6.803385699603302,5.4468732499999994,7.775465771365621,right
